<?xml version="1.0" encoding="UTF-8" standalone="yes"?>
<addon id="repository.eyepeatv" name="EyePeaTV Repo" version="18.0.10" provider-name="EyePeaTV">
	<extension point="xbmc.addon.repository" name="EyePeaTV Repo">
	
	
		<dir>
			<info compressed="false">https://raw.githubusercontent.com/biglad/eyepeatv/master/addons.xml</info>
			<checksum>https://raw.githubusercontent.com/biglad/eyepeatv/master/addons.xml.md5</checksum>
			<datadir zip="true">https://github.com/biglad/eyepeatv/raw/master/zips</datadir>  
		</dir>

		<dir> 
			<info compressed="false">https://raw.githubusercontent.com/a4k-openproject/repository.openscrapers/master/zips/addons.xml</info> 
			<checksum>https://raw.githubusercontent.com/a4k-openproject/repository.openscrapers/master/zips/addons.xml.md5</checksum> 
			<datadir zip="true">https://raw.githubusercontent.com/a4k-openproject/repository.openscrapers/master/zips/</datadir> 
		</dir>

	</extension>
	<extension point="xbmc.addon.metadata">
		<summary></summary>
		<description>EyePeaTV Repo</description>
		<platform>all</platform>
	</extension>
</addon>