<?xml version="1.0" encoding="UTF-8" standalone="yes"?>
<addon id="script.EyePeaTVgames"
  name="EyePeaTV Play Retro Games"
  version="3.0.15" 
  provider-name="EyePeaTV">
  <requires>
    <import addon="xbmc.python" version="2.1.0"/>
  </requires>
  <extension point="xbmc.python.script" library="addon.py">
    <provides>executable</provides>
  </extension>
  <extension point="xbmc.addon.metadata">
    <platform>all</platform>
    <summary lang="en">EyePeaTV Menu System</summary>
    <description lang="en">EyePeaTV Menu System</description>
	<disclaimer>EyePeaTV Menu System</disclaimer>
  </extension>
</addon>
