<?xml version="1.0" encoding="utf-8"?>
<window>
	<onload condition="!Skin.HasSetting(AlternateVideoOSD)">SetFocus(64)</onload>
	<onload condition="Skin.HasSetting(AlternateVideoOSD)">SetFocus(96406)</onload>
	<onunload>Skin.Reset(PausedOverlayCast)</onunload>
	<onunload>Skin.Reset(ShowPausedOverlayFlags)</onunload>
	<onunload>Skin.Reset(ShowSeekbar)</onunload>
	<zorder>4</zorder>
	<controls>
		<control type="button" id="64">
			<include>HiddenObject</include>
			<onleft condition="!VideoPlayer.Content(livetv) + !Skin.HasSetting(Enable.UsePausedOverlay)">65</onleft>
			<onright condition="!VideoPlayer.Content(livetv) + !Skin.HasSetting(Enable.UsePausedOverlay)">63</onright>
			<onup condition="!VideoPlayer.Content(livetv) + !Skin.HasSetting(Enable.UsePausedOverlay)">Skin.ToggleSetting(Display.PlayerTimeRemaining)</onup>
			<ondown condition="!VideoPlayer.Content(livetv) + !Skin.HasSetting(Enable.UsePausedOverlay)">$VAR[OSDRightLabelOnDownVar]</ondown>
			<onclick condition="!VideoPlayer.Content(livetv) + !Skin.HasSetting(Enable.UsePausedOverlay)">Skin.ToggleSetting(ShowPlotCast)</onclick>
			<onclick condition="!VideoPlayer.Content(livetv) + Skin.HasSetting(Enable.UsePausedOverlay)">Skin.ToggleSetting(PausedOverlayCast)</onclick>
			<onup condition="!VideoPlayer.Content(livetv) + Skin.HasSetting(Enable.UsePausedOverlay)">Skin.ToggleSetting(ShowPausedOverlayFlags)</onup>
			<ondown condition="!VideoPlayer.Content(livetv) + Skin.HasSetting(Enable.UsePausedOverlay)">Skin.ToggleSetting(ShowSeekbar)</ondown>
			<onclick condition="VideoPlayer.Content(livetv)">Skin.ToggleSetting(TogglePlotLiveTV)</onclick>
			<onup condition="VideoPlayer.Content(livetv)">Skin.ToggleSetting(Enable.LiveTVFullPlot)</onup>
		</control>
		<control type="group">
			<visible>![Skin.HasSetting(Enable.UsePausedOverlay) + [VideoPlayer.Content(movies) | VideoPlayer.Content(episodes)]]</visible>
			<!-- Panel Background (Movies + Episodes) -->
			<control type="image">
				<visible>[VideoPlayer.Content(episodes) | VideoPlayer.Content(movies)] + [!Window.IsActive(videoosd) + !VideoPlayer.Content(LiveTV) + !Window.IsActive(subtitlesearch)]</visible>
				<width>1920</width>
				<height>150</height>
				<texture border="1,1,1,40">topbar.png</texture>
			</control>
			<control type="label">
				<top>-475</top>
				<label>$VAR[PlayerTimeRemainingHourVar][CR]$VAR[PlayerTimeRemainingMinuteVar]</label>
				<width>100%</width>
				<align>center</align>
				<font>BigAssTimeFont</font>
				<textcolor>D0FFFFFF</textcolor>
				<shadowcolor>black</shadowcolor>
				<visible>String.IsEqual(Skin.String(Onup.TimeRemaining),1) + !VideoPlayer.Content(LiveTV) + Skin.HasSetting(Display.PlayerTimeRemaining)</visible>
			</control>
			<control type="label">
				<top>-760</top>
				<label>$VAR[PlayerTimeRemainingHourVar,, ]$VAR[PlayerTimeRemainingMinuteVar]</label>
				<width>100%</width>
				<align>center</align>
				<font>font48</font>
				<textcolor>D0FFFFFF</textcolor>
				<shadowcolor>black</shadowcolor>
				<visible>String.IsEqual(Skin.String(Onup.TimeRemaining),2) + !VideoPlayer.Content(LiveTV) + Skin.HasSetting(Display.PlayerTimeRemaining)</visible>
			</control>
			<!-- Plot + Cast -->
			<control type="group">
				<visible>Skin.HasSetting(ShowPlotCast) + !Skin.HasSetting(AlternateVideoOSD)</visible>
				<control type="group">
					<visible>[!Window.IsActive(videoosd) + !VideoPlayer.Content(LiveTV) + !Window.IsActive(subtitlesearch)]</visible>
					<control type="image">
						<top>540</top>
						<width>1920</width>
						<height>540</height>
						<texture border="2">gradient_floor.png</texture>
						<visible>[!String.IsEmpty(VideoPlayer.Plot) | !String.IsEmpty(VideoPlayer.PlotOutline) | !String.IsEmpty(VideoPlayer.CastandRole)]</visible>
					</control>
					<!-- Cast -->
					<control type="textbox">
						<description>Cast</description>
						<align>center</align>
						<left>1200</left>
						<top>778</top>
						<width>700</width>
						<height>252</height>
						<font>font15</font>
						<textcolor>white</textcolor>
						<pagecontrol>63</pagecontrol>
						<label>$INFO[VideoPlayer.CastandRole]</label>
						<visible>!String.IsEmpty(VideoPlayer.CastandRole)</visible>
						<animation type="VisibleChange" reversible="false">
							<effect type="fade" start="0" end="100" time="500" />
						</animation>
						<animation type="WindowOpen" reversible="false">
							<effect type="fade" start="0" end="100" time="400" />
						</animation>
						<animation type="WindowClose" reversible="false">
							<effect type="fade" start="100" end="0" time="0" />
						</animation>
						<autoscroll time="3000" delay="4000" repeat="5000">Skin.HasSetting(Enable.AutoScroll) + !Control.HasFocus(63)</autoscroll>
					</control>
					<!-- Plot -->
					<control type="textbox">
						<label>$VAR[VideoPlayerPlotVar]</label>
						<left>20</left>
						<top>778</top>
						<width>645</width>
						<height>252</height>
						<font>font15</font>
						<pagecontrol>65</pagecontrol>
						<textcolor>white</textcolor>
						<autoscroll time="3000" delay="4000" repeat="5000">Skin.HasSetting(Enable.AutoScroll) + !Control.HasFocus(65)</autoscroll>
						<animation type="VisibleChange" reversible="false">
							<effect type="fade" start="0" end="100" time="500" />
						</animation>
						<animation type="WindowOpen" reversible="false">
							<effect type="fade" start="0" end="100" time="400" />
						</animation>
						<animation type="WindowClose" reversible="false">
							<effect type="fade" start="100" end="0" time="000" />
						</animation>
					</control>
				</control>
				<control type="scrollbar" id="63">
					<left>1900</left>
					<top>778</top>
					<width>14</width>
					<height>252</height>
					<texturesliderbackground />
					<texturesliderbar border="1">scrollbar/texturesliderbar2.png</texturesliderbar>
					<texturesliderbarfocus border="1">scrollbar/texturesliderbar2.png</texturesliderbarfocus>
					<showonepage>false</showonepage>
					<orientation>vertical</orientation>
					<onup>63</onup>
					<ondown>63</ondown>
					<onleft>64</onleft>
					<onright>64</onright>
					<animation effect="fade" start="100" end="0" time="500" delay="500" condition="!Control.HasFocus(63) + !Container.Scrolling">Conditional</animation>
				</control>
				<control type="scrollbar" id="65">
					<left>685</left>
					<top>778</top>
					<width>14</width>
					<height>252</height>
					<texturesliderbackground />
					<texturesliderbar border="1">scrollbar/texturesliderbar2.png</texturesliderbar>
					<texturesliderbarfocus border="1">scrollbar/texturesliderbar2.png</texturesliderbarfocus>
					<showonepage>false</showonepage>
					<orientation>vertical</orientation>
					<onup>65</onup>
					<ondown>65</ondown>
					<onleft>64</onleft>
					<onright>64</onright>
					<animation effect="fade" start="100" end="0" time="500" delay="500" condition="!Control.HasFocus(65) + !Container.Scrolling">Conditional</animation>
				</control>
			</control>
			<!-- Movies -->
			<control type="group">
				<visible>VideoPlayer.Content(movies) + [!Window.IsActive(videoosd) + !VideoPlayer.Content(LiveTV) + !Window.IsActive(subtitlesearch)]</visible>
				<control type="group">
					<control type="label">
						<align>center</align>
						<label>[B]$INFO[Player.Title][/B]$INFO[VideoPlayer.Year, (,)]</label>
						<left>505</left>
						<width>910</width>
						<font>font28_title</font>
						<include>DefaultButtonsValues</include>
						<visible>!String.IsEmpty(Player.Title)</visible>
						<scroll>true</scroll>
					</control>
					<control type="label">
						<align>center</align>
						<top>55</top>
						<left>500</left>
						<label>[COLOR $VAR[ThemeLabelColor]]$INFO[VideoPlayer.Tagline][/COLOR]</label>
						<font>font16</font>
						<width>920</width>
						<include>DefaultButtonsValues</include>
						<visible>!String.IsEmpty(VideoPlayer.Tagline)</visible>
						<scroll>true</scroll>
					</control>
					<control type="label">
						<left>15</left>
						<top>-1050</top>
						<label>$INFO[VideoPlayer.Director,$LOCALIZE[20339]: [COLOR grey2],[/COLOR]]</label>
						<width>550</width>
						<font>font13</font>
						<textcolor>$VAR[ThemeLabelColor]</textcolor>
						<scroll>true</scroll>
						<visible>!String.IsEmpty(VideoPlayer.Director)</visible>
					</control>
					<control type="label">
						<top>-1050</top>
						<align>right</align>
						<label>$INFO[VideoPlayer.RatingAndVotes,IMDb: [COLOR grey2],[/COLOR] ]$INFO[VideoPlayer.Top250,$LOCALIZE[13409][COLOR grey2] #, [/COLOR]]</label>
						<left>1365</left>
						<width>550</width>
						<font>font13</font>
						<textcolor>$VAR[ThemeLabelColor]</textcolor>
						<visible>!String.IsEmpty(VideoPlayer.RatingAndVotes)</visible>
					</control>
				</control>
			</control>
			<!-- Episodes -->
			<control type="group">
				<visible>VideoPlayer.Content(episodes) + [!Window.IsActive(videoosd) + !VideoPlayer.Content(LiveTV) + !Window.IsActive(subtitlesearch)]</visible>
				<control type="group">
					<control type="label">
						<left>475</left>
						<width>970</width>
						<font>font28_title</font>
						<include>DefaultButtonsValues</include>
						<label>[B]$INFO[VideoPlayer.TvShowTitle][/B]</label>
						<visible>!String.IsEmpty(VideoPlayer.TvShowTitle)</visible>
						<align>center</align>
						<scroll>true</scroll>
					</control>
					<control type="label">
						<top>55</top>
						<left>500</left>
						<width>920</width>
						<font>font16</font>
						<label>[COLOR $VAR[ThemeLabelColor]]$INFO[Player.Title][/COLOR]</label>
						<include>DefaultButtonsValues</include>
						<visible>!String.IsEmpty(Player.Title)</visible>
						<align>center</align>
						<scroll>true</scroll>
					</control>
					<control type="grouplist">
						<left>15</left>
						<top>-1050</top>
						<width>610</width>
						<orientation>horizontal</orientation>
						<control type="label">
							<label>[COLOR $VAR[ThemeLabelColor]]$LOCALIZE[20339]: [/COLOR]</label>
							<width>auto</width>
							<font>font13</font>
							<visible>!String.IsEmpty(VideoPlayer.Director)</visible>
						</control>
						<control type="label">
							<label>$INFO[VideoPlayer.Director, ]</label>
							<width min="0" max="245">auto</width>
							<textcolor>grey2</textcolor>
							<font>font13</font>
							<scroll>true</scroll>
							<visible>!String.IsEmpty(VideoPlayer.Director)</visible>
						</control>
						<control type="label">
							<label>[COLOR $VAR[ThemeLabelColor]] • [/COLOR]</label>
							<font>font13</font>
							<width min="0" max="100">auto</width>
							<visible>!String.IsEmpty(VideoPlayer.Director) + !String.IsEmpty(VideoPlayer.RatingAndVotes)</visible>
						</control>
						<control type="label">
							<label>[COLOR $VAR[ThemeLabelColor]]$LOCALIZE[563]: [/COLOR]</label>
							<font>font13</font>
							<width min="0" max="110">auto</width>
							<visible>String.IsEmpty(VideoPlayer.Director) + !String.IsEmpty(VideoPlayer.RatingAndVotes)</visible>
						</control>
						<control type="label">
							<label>[COLOR grey2]$INFO[VideoPlayer.Rating][/COLOR]</label>
							<font>font13</font>
							<width min="0" max="200">auto</width>
							<visible>!String.IsEmpty(VideoPlayer.RatingAndVotes)</visible>
						</control>
						<control type="label">
							<label>[COLOR $VAR[ThemeLabelColor]]$INFO[VideoPlayer.Season,$LOCALIZE[20373] ,]$INFO[VideoPlayer.Episode,$COMMA $LOCALIZE[36906] ,][/COLOR]</label>
							<font>font13</font>
							<visible>String.IsEmpty(VideoPlayer.Director) + String.IsEmpty(VideoPlayer.RatingAndVotes)</visible>
							<width>auto</width>
						</control>
					</control>
					<control type="label">
						<top>-1050</top>
						<label>[COLOR $VAR[ThemeLabelColor]]$LOCALIZE[20416]:[/COLOR] [COLOR grey2]($INFO[VideoPlayer.Premiered])[/COLOR]</label>
						<left>1305</left>
						<width>600</width>
						<font>font13</font>
						<align>right</align>
						<visible>String.IsEmpty(VideoPlayer.Director) + String.IsEmpty(VideoPlayer.RatingAndVotes)</visible>
					</control>
					<control type="label">
						<top>-1050</top>
						<label>[COLOR $VAR[ThemeLabelColor]]$INFO[VideoPlayer.Season,$LOCALIZE[20373] ,]$INFO[VideoPlayer.Episode,$COMMA $LOCALIZE[36906] ,][/COLOR] [COLOR grey2]($INFO[VideoPlayer.Premiered])[/COLOR]</label>
						<left>1305</left>
						<width>600</width>
						<font>font13</font>
						<align>right</align>
						<visible>[!String.IsEmpty(VideoPlayer.Director) | !String.IsEmpty(VideoPlayer.RatingAndVotes)]</visible>
					</control>
				</control>
			</control>
			<!-- MediaFlags -->
			<control type="group">
				<visible>[VideoPlayer.Content(episodes) | VideoPlayer.Content(movies)] + [!Window.IsActive(videoosd) + !VideoPlayer.Content(LiveTV) + !Window.IsActive(subtitlesearch)]</visible>
				<left>10</left>
				<top>32</top>
				<height>90</height>
				<!-- Left -->
				<control type="image" id="142999">
					<width>175</width>
					<colordiffuse>grey2</colordiffuse>
					<include>MediaFlagValues</include>
					<bordersize>2</bordersize>
					<texture>$VAR[PathFlagsStudios]$INFO[VideoPlayer.Studio,,.png]</texture>
				</control>
				<control type="label">
					<width>175</width>
					<height>90</height>
					<align>center</align>
					<label>$INFO[VideoPlayer.Studio]</label>
					<font>font10</font>
					<textcolor>grey2</textcolor>
					<wrapmultiline>true</wrapmultiline>
					<visible>String.IsEmpty(Control.GetLabel(142999))</visible>
				</control>
				<control type="image">
					<left>152</left>
					<width>175</width>
					<colordiffuse>grey2</colordiffuse>
					<include>MediaFlagValues</include>
					<texture fallback="flags/default/mpaa/NR.png">$VAR[VideoRatingFlagVar]</texture>
					<visible>!Skin.HasSetting(coloredflags)</visible>
				</control>
				<control type="image">
					<left>152</left>
					<width>175</width>
					<colordiffuse>grey2</colordiffuse>
					<include>MediaFlagValues</include>
					<texture fallback="flags/colored/mpaa/NR.png">$VAR[ColoredVideoRatingFlagVar]</texture>
					<visible>Skin.HasSetting(coloredflags)</visible>
				</control>
				<control type="image">
					<left>310</left>
					<width>175</width>
					<colordiffuse>grey2</colordiffuse>
					<include>MediaFlagValues</include>
					<texture>$VAR[MediaFlagsPathVar]/audiocodec/$INFO[VideoPlayer.AudioCodec,,.png]</texture>
				</control>
				<!-- Right -->
				<control type="image">
					<left>1435</left>
					<width>175</width>
					<colordiffuse>grey2</colordiffuse>
					<include>MediaFlagValues</include>
					<texture>$VAR[MediaFlagsPathVar]/videocodec/$VAR[VideoSourceFlagVar]</texture>
				</control>
				<control type="image">
					<left>1585</left>
					<width>175</width>
					<colordiffuse>grey2</colordiffuse>
					<include>MediaFlagValues</include>
					<texture>$VAR[MediaFlagsPathVar]/resolution/$INFO[VideoPlayer.VideoResolution,,.png]</texture>
				</control>
				<control type="image">
					<left>1740</left>
					<width>175</width>
					<colordiffuse>grey2</colordiffuse>
					<include>MediaFlagValues</include>
					<texture>$VAR[MediaFlagsPathVar]/aspectratio/$INFO[VideoPlayer.VideoAspect,,.png]</texture>
				</control>
			</control>
			<!-- PlayerControls On Info -->
			<!-- <control type="group">
				<visible>Skin.HasSetting(AlternateVideoOSD) + !VideoPlayer.Content(LiveTV) + !Skin.HasSetting(Enable.ScreenshotMode)</visible>
				<animation effect="slide" start="0,0" end="0,-80" time="240" tween="quadratic">WindowOpen</animation>
				<top>1100</top>
				<control type="group">
					<top>-86</top>
					<control type="image">
						<top>4</top>
						<width>100%</width>
						<height>300</height>
						<texture border="1,32,1,1">bottombar.png</texture>
					</control>
					<control type="progress">
						<top>25</top>
						<width>100%</width>
						<height>40</height>
						<texturebg border="2">osd/texturebg.png</texturebg>
						<lefttexture />
						<midtexture border="2">osd/midtexture_cache.png</midtexture>
						<righttexture />
						<overlaytexture />
						<info>Player.ProgressCache</info>
					</control>
					<control type="progress">
						<top>25</top>
						<width>100%</width>
						<height>36</height>
						<texturebg border="1">osd/texturebg_cache.png</texturebg>
						<lefttexture />
						<midtexture colordiffuse="$VAR[ThemeLabelColor]" border="2">osd/midtexture.png</midtexture>
						<righttexture />
						<overlaytexture />
						<info>Player.Progress</info>
					</control>
					<control type="label">
						<top>24</top>
						<width>100%</width>
						<height>90</height>
						<font>font14_title</font>
						<textoffsetx>15</textoffsetx>
						<textcolor>grey</textcolor>
						<shadowcolor>shadow</shadowcolor>
						<align>center</align>
						<aligny>top</aligny>
						<textoffsety>-2</textoffsety>
						<label>$VAR[SeekLabelVar]</label>
						<visible>!VideoPlayer.Content(LiveTV)</visible>
					</control>
					<control type="label">
						<top>24</top>
						<width>100%</width>
						<height>90</height>
						<font>font14_title</font>
						<textoffsetx>15</textoffsetx>
						<textcolor>grey</textcolor>
						<shadowcolor>shadow</shadowcolor>
						<align>center</align>
						<aligny>top</aligny>
						<textoffsety>-2</textoffsety>
						<label>$INFO[System.Time]$INFO[VideoPlayer.EndTime, / ]</label>
						<visible>VideoPlayer.Content(LiveTV)</visible>
					</control>
					<control type="label">
						<top>24</top>
						<left>1020</left>
						<width>900</width>
						<height>90</height>
						<font>font14_title</font>
						<textoffsetx>15</textoffsetx>
						<textcolor>grey</textcolor>
						<shadowcolor>shadow</shadowcolor>
						<align>right</align>
						<aligny>top</aligny>
						<textoffsety>-2</textoffsety>
						<label>$VAR[OSDRightLabelVar]</label>
						<animation effect="fade" start="100" end="50" time="240" condition="Player.Seeking">Conditional</animation>
					</control>
					<control type="grouplist" id="90001">
						<top>60</top>
						<height>144</height>
						<width>100%</width>
						<align>center</align>
						<onup>64</onup>
						<scrolltime tween="sine">200</scrolltime>
						<orientation>horizontal</orientation>
						<visible>!VideoPlayer.Content(LiveTV)</visible>
						<control type="button" id="96401">
							<textoffsety>60</textoffsety>
							<texturefocus>osd/buttons/OSDBookMarksFO.png</texturefocus>
							<texturenofocus>osd/buttons/OSDBookMarksNF.png</texturenofocus>
							<label />
							<width>100</width>
							<height>100</height>
							<font />
							<onclick>ActivateWindow(videobookmarks)</onclick>
						</control>
						<control type="button" id="96402">
							<texturefocus>osd/buttons/OSDAudioFO.png</texturefocus>
							<texturenofocus>osd/buttons/OSDAudioNF.png</texturenofocus>
							<label />
							<width>100</width>
							<height>100</height>
							<font />
							<onclick>ActivateWindow(osdaudiosettings)</onclick>
						</control>
						<control type="button" id="96403">
							<texturefocus>osd/buttons/OSDVideoFO.png</texturefocus>
							<texturenofocus>osd/buttons/OSDVideoNF.png</texturenofocus>
							<label />
							<width>100</width>
							<height>100</height>
							<font />
							<onclick>ActivateWindow(osdvideosettings)</onclick>
						</control>
						<control type="button" id="96410">
							<texturefocus>osd/buttons/OSDSubtitlesFO.png</texturefocus>
							<texturenofocus>osd/buttons/OSDSubtitlesNF.png</texturenofocus>
							<label />
							<width>100</width>
							<height>100</height>
							<font />
							<onclick>Close</onclick>
							<onclick>ActivateWindow(SubtitleSearch)</onclick>
						</control>
						<control type="button" id="96404">
							<texturefocus>osd/buttons/OSDPrevTrackFO.png</texturefocus>
							<texturenofocus>osd/buttons/OSDPrevTrackNF.png</texturenofocus>
							<label />
							<width>100</width>
							<height>100</height>
							<font />
							<onclick>PlayerControl(Previous)</onclick>
							<visible>!Skin.HasSetting(Disable.PlayerControlButtons)</visible>
						</control>
						<control type="button" id="96405">
							<texturefocus>osd/buttons/OSDRewindFO.png</texturefocus>
							<texturenofocus>osd/buttons/OSDRewindNF.png</texturenofocus>
							<label />
							<width>100</width>
							<height>100</height>
							<font />
							<onclick>PlayerControl(Rewind)</onclick>
							<visible>!Skin.HasSetting(Disable.PlayerControlButtons)</visible>
						</control>
						<control type="togglebutton" id="96406">
							<texturefocus>osd/buttons/OSDPauseFO.png</texturefocus>
							<texturenofocus>osd/buttons/OSDPauseNF.png</texturenofocus>
							<alttexturefocus>osd/buttons/OSDPlayFO.png</alttexturefocus>
							<alttexturenofocus>osd/buttons/OSDPlayNF.png</alttexturenofocus>
							<label />
							<altlabel>208</altlabel>
							<width>100</width>
							<height>100</height>
							<font />
							<usealttexture>Player.Paused | Player.Forwarding | Player.Rewinding</usealttexture>
							<onclick>PlayerControl(Play)</onclick>
							<visible>!Skin.HasSetting(Disable.PlayerControlButtons)</visible>
						</control>
						<control type="button" id="96407">
							<texturefocus>osd/buttons/OSDStopFO.png</texturefocus>
							<texturenofocus>osd/buttons/OSDStopNF.png</texturenofocus>
							<label />
							<width>100</width>
							<height>100</height>
							<font />
							<onclick>PlayerControl(Stop)</onclick>
							<visible>!Skin.HasSetting(Disable.PlayerControlButtons)</visible>
						</control>
						<control type="button" id="96408">
							<texturefocus>osd/buttons/OSDForwardFO.png</texturefocus>
							<texturenofocus>osd/buttons/OSDForwardNF.png</texturenofocus>
							<label />
							<width>100</width>
							<height>100</height>
							<font />
							<onclick>PlayerControl(Forward)</onclick>
							<visible>!Skin.HasSetting(Disable.PlayerControlButtons)</visible>
						</control>
						<control type="button" id="96409">
							<texturefocus>osd/buttons/OSDNextTrackFO.png</texturefocus>
							<texturenofocus>osd/buttons/OSDNextTrackNF.png</texturenofocus>
							<label />
							<width>100</width>
							<height>100</height>
							<font />
							<onclick>PlayerControl(Next)</onclick>
							<visible>!Skin.HasSetting(Disable.PlayerControlButtons)</visible>
						</control>
						<control type="button" id="96411">
							<texturefocus>osd/buttons/OSDDvdFO.png</texturefocus>
							<texturenofocus>osd/buttons/OSDDvdNF.png</texturenofocus>
							<label />
							<width>100</width>
							<height>100</height>
							<font />
							<onclick>PlayerControl(ShowVideoMenu)</onclick>
							<visible>VideoPlayer.HasMenu</visible>
						</control>
						<control type="button" id="96412">
							<texturefocus>osd/buttons/OSDStereoscopicFO.png</texturefocus>
							<texturenofocus>osd/buttons/OSDStereoscopicNF.png</texturenofocus>
							<label />
							<width>100</width>
							<height>100</height>
							<font />
							<onclick>StereoMode</onclick>
							<visible>VideoPlayer.IsStereoscopic</visible>
						</control>
						<control type="button" id="96413">
							<texturefocus>osd/buttons/OSDInfoFO.png</texturefocus>
							<texturenofocus>osd/buttons/OSDInfoNF.png</texturenofocus>
							<label />
							<width>100</width>
							<height>100</height>
							<font />
							<onclick>Close</onclick>
							<onclick>ActivateWindow(fullscreeninfo)</onclick>
						</control>
						<control type="button" id="96414">
							<texturefocus>osd/buttons/OSDChannelListFO.png</texturefocus>
							<texturenofocus>osd/buttons/OSDChannelListNF.png</texturenofocus>
							<label />
							<width>100</width>
							<height>100</height>
							<font />
							<onclick>Close</onclick>
							<onclick>Skin.ToggleSetting(Enable.ScreenshotMode)</onclick>
							<onclick>Notification($LOCALIZE[19098]:,$LOCALIZE[31329],1500,icon.png)</onclick>
							<onclick>AlarmClock(Take a Screenshot,TakeScreenshot,00:03,silent)</onclick>
							<onclick>AlarmClock(Reset ScreenshotMode,Skin.Reset(Enable.ScreenshotMode),00:04,silent)</onclick>
							<visible>VideoPlayer.Content(movies) | VideoPlayer.Content(episodes)</visible>
						</control>
						<control type="button" id="96415">
							<texturefocus>osd/buttons/OSDSkinFO.png</texturefocus>
							<texturenofocus>osd/buttons/OSDSkinNF.png</texturenofocus>
							<label />
							<width>100</width>
							<height>100</height>
							<font />
							<onclick>Dialog.Close(videoosd)</onclick>
							<onclick>ActivateWindow(1115)</onclick>
							<onclick>SetProperty(OSD.Settings,True,home)</onclick>
						</control>
					</control>
				</control>
			</control> -->
		</control>
		<control type="group">
			<visible>[!Window.IsActive(videoosd) + !VideoPlayer.Content(LiveTV)]</visible>
			<visible>[!VideoPlayer.Content(episodes) + !VideoPlayer.Content(movies)] | [Skin.HasSetting(Enable.UsePausedOverlay) + Skin.HasSetting(ShowPausedOverlayFlags) + [VideoPlayer.Content(episodes) | VideoPlayer.Content(movies)]]</visible>
			<!-- Media Flag Bar Background (Files & Addons) -->
			<control type="image">
				<width>1920</width>
				<height>120</height>
				<texture border="1,1,1,40">topbar.png</texture>
			</control>
			<!-- Media Flag Bar (Files & Addons) -->
			<control type="group">
				<width>1920</width>
				<height>100</height>
				<animation effect="slide" end="-160" time="0" condition="String.IsEmpty(VideoPlayer.Studio)">Conditional</animation>
				<control type="image" id="142099">
					<width>320</width>
					<colordiffuse>grey2</colordiffuse>
					<include>MediaFlagValues</include>
					<bordersize>2</bordersize>
					<texture background="true" fallback="empty.png">$VAR[PathFlagsStudios]$INFO[VideoPlayer.Studio,,.png]</texture>
				</control>
				<control type="label">
					<width>320</width>
					<height>90</height>
					<align>center</align>
					<label>$INFO[VideoPlayer.Studio]</label>
					<font>font10</font>
					<textcolor>grey2</textcolor>
					<wrapmultiline>true</wrapmultiline>
					<visible>String.EndsWith(Control.GetLabel(142099),empty.png)</visible>
				</control>
				<control type="image">
					<left>320</left>
					<width>320</width>
					<colordiffuse>grey2</colordiffuse>
					<include>MediaFlagValues</include>
					<texture>$VAR[MediaFlagsPathVar]/videocodec/$VAR[VideoSourceFlagVar]</texture>
				</control>
				<control type="image">
					<left>640</left>
					<width>320</width>
					<colordiffuse>grey2</colordiffuse>
					<include>MediaFlagValues</include>
					<texture>$VAR[MediaFlagsPathVar]/resolution/$INFO[VideoPlayer.VideoResolution,,.png]</texture>
				</control>
				<control type="image">
					<left>980</left>
					<width>320</width>
					<colordiffuse>grey2</colordiffuse>
					<include>MediaFlagValues</include>
					<texture>$VAR[MediaFlagsPathVar]/aspectratio/$INFO[VideoPlayer.VideoAspect,,.png]</texture>
				</control>
				<control type="image">
					<left>1300</left>
					<width>320</width>
					<colordiffuse>grey2</colordiffuse>
					<include>MediaFlagValues</include>
					<texture>$VAR[MediaFlagsPathVar]/audiocodec/$INFO[VideoPlayer.AudioCodec,,.png]</texture>
				</control>
				<control type="image">
					<left>1620</left>
					<width>320</width>
					<colordiffuse>grey2</colordiffuse>
					<include>MediaFlagValues</include>
					<texture>$VAR[MediaFlagsPathVar]/audiochannels/$INFO[VideoPlayer.AudioChannels,,.png]</texture>
				</control>
			</control>
		</control>
		<!-- LiveTV Plot-->
		<control type="group" id="9006">
			<top>10</top>
			<animation effect="slide" end="0,100" time="240" tween="quadratic" condition="Window.IsActive(videoosd)">Conditional</animation>
			<animation effect="fade" start="0" end="100" time="400">WindowOpen</animation>
			<animation effect="fade" start="100" end="0" time="400">WindowClose</animation>
			<visible>VideoPlayer.Content(LiveTV) + !Window.IsActive(notification) + !Control.IsVisible(9001) + !Control.IsVisible(9002) + !Skin.HasSetting(TogglePlotLiveTV)</visible>
			<control type="image">
				<left>17</left>
				<width>1885</width>
				<height>385</height>
				<texture border="40">dialogs/default/bg.png</texture>
				<animation effect="fade" end="85" condition="true">Conditional</animation>
				<visible>!IsEmpty(VideoPlayer.PlotOutline) + !String.IsEqual(VideoPlayer.PlotOutline,N/A) + !Skin.HasSetting(Enable.LiveTVFullPlot)</visible>
			</control>
			<control type="image">
				<left>17</left>
				<width>1885</width>
				<height>500</height>
				<texture border="40">dialogs/default/bg.png</texture>
				<animation effect="fade" end="85" condition="true">Conditional</animation>
				<visible>String.IsEmpty(VideoPlayer.PlotOutline) | String.IsEqual(VideoPlayer.PlotOutline,N/A) | Skin.HasSetting(Enable.LiveTVFullPlot)</visible>
			</control>
			<control type="group">
				<left>57</left>
				<top>20</top>
				<width>1845</width>
				<height>780</height>
				<control type="label">
					<width>1050</width>
					<height>50</height>
					<label>$INFO[VideoPlayer.ChannelName]</label>
					<font>font16</font>
					<textcolor>$VAR[ThemeLabelColor]</textcolor>
				</control>
				<control type="label">
					<top>50</top>
					<width>1805</width>
					<height>50</height>
					<label>$INFO[VideoPlayer.Title]</label>
					<font>font48</font>
					<scroll>true</scroll>
				</control>
				<control type="image">
					<top>110</top>
					<width>1809</width>
					<height>2</height>
					<texture>new_pvr/osd_line_white.png</texture>
					<colordiffuse>$VAR[ThemeLabelColor]</colordiffuse>
				</control>
				<control type="label">
					<top>120</top>
					<width>1000</width>
					<height>30</height>
					<label>$INFO[VideoPlayer.Genre,$LOCALIZE[515]: ]</label>
					<font>font13</font>
					<textcolor>grey</textcolor>
				</control>
				<control type="textbox">
					<left>4</left>
					<top>160</top>
					<width>1805</width>
					<height>174</height>
					<label>$INFO[VideoPlayer.PlotOutline]</label>
					<font>font15_textbox</font>
					<autoscroll delay="6000" time="3000" repeat="6000">true</autoscroll>
					<visible>!IsEmpty(VideoPlayer.PlotOutline) + !String.IsEqual(VideoPlayer.PlotOutline,N/A) + !Skin.HasSetting(Enable.LiveTVFullPlot)</visible>
				</control>
				<control type="textbox">
					<left>4</left>
					<top>160</top>
					<width>1805</width>
					<height>290</height>
					<label>$INFO[VideoPlayer.Plot]</label>
					<font>font15_textbox</font>
					<autoscroll delay="6000" time="3000" repeat="6000">true</autoscroll>
					<visible>String.IsEmpty(VideoPlayer.PlotOutline) | String.IsEqual(VideoPlayer.PlotOutline,N/A) | Skin.HasSetting(Enable.LiveTVFullPlot)</visible>
				</control>
			</control>
		</control>
	</controls>
</window>