<?xml version="1.0" encoding="UTF-8"?>
<window>
	<defaultcontrol always="true">9000</defaultcontrol>
	<onload condition="System.HasAddon(script.colorbox) + Skin.HasSetting(Enable.BlurredVideoInfo)">RunScript(script.colorbox,info=blur,id='"$INFO[ListItem.Icon]"',radius=50,prefix=DialogMusicInfo)</onload>
	<onunload>ClearProperty(DialogVideoInfo.ImageFilter,home)</onunload>
	<controls>
		<control type="group">
			<animation effect="slide" start="-729,0" end="0,0" time="500" tween="quadratic" condition="!Skin.HasSetting(Enable.BlurredVideoInfo)">WindowOpen</animation>
			<animation effect="slide" start="-729,0" end="0,0" delay="500" time="500" tween="quadratic" condition="Skin.HasSetting(Enable.BlurredVideoInfo)">WindowOpen</animation>
			<animation effect="slide" end="-729,0" time="500" tween="quadratic">WindowClose</animation>
			<control type="image">
				<width>729</width>
				<height>1080</height>
				<texture>black.png</texture>
			</control>
			<control type="image">
				<width>729</width>
				<height>729</height>
				<aspectratio aligny="top">keep</aspectratio>
				<texture background="true" fallback="special://skin/extras/cdart/default.png">$INFO[ListItem.FileNameAndPath,,/cdart.png]</texture>
				<visible>String.IsEqual(ListItem.DBType,album) | String.IsEqual(ListItem.DBType,song)</visible>
			</control>
			<control type="image" id="55555">
				<width>729</width>
				<height>351</height>
				<aspectratio>keep</aspectratio>
				<texture background="true" fallback="empty.png">$INFO[ListItem.Path]$INFO[ListItem.Artist,,/logo.png]</texture>
				<visible>String.IsEqual(ListItem.DBType,artist)</visible>
			</control>
			<control type="image">
				<width>729</width>
				<height>351</height>
				<aspectratio>keep</aspectratio>
				<texture background="true">$INFO[Window(Home).Property(SkinHelper.Music.ClearLogo)]</texture>
				<visible>String.Contains(Control.GetLabel(55555),empty.png) + String.IsEqual(ListItem.DBType,artist)</visible>
			</control>
			<control type="image">
				<top>311</top>
				<width>729</width>
				<height>40</height>
				<texture flipy="true" border="1">bottom_shadow.png</texture>
			</control>
			<control type="image">
				<top>351</top>
				<width>729</width>
				<height>729</height>
				<aspectratio scalediffuse="false" aligny="bottom">scale</aspectratio>
				<texture background="true" fallback="DefaultAlbumCover.png">$INFO[ListItem.Icon]</texture>
			</control>
		</control>
		<control type="group">
			<animation effect="slide" start="1242,0" end="0,0" time="500" tween="quadratic" condition="!Skin.HasSetting(Enable.BlurredVideoInfo)">WindowOpen</animation>
			<animation effect="slide" start="1242,0" end="0,0" delay="500" time="500" tween="quadratic" condition="Skin.HasSetting(Enable.BlurredVideoInfo)">WindowOpen</animation>
			<animation effect="slide" end="1242,0" time="500" tween="quadratic">WindowClose</animation>
			<left>729</left>
			<control type="image">
				<width>1192</width>
				<height>1080</height>
					<texture>black.png</texture>
				</control>
				<control type="image">
					<width>1192</width>
					<height>1080</height>
					<aspectratio align="center">scale</aspectratio>
					<texture background="true">$INFO[ListItem.Art(fanart)]</texture>
					<visible>!Skin.HasSetting(Enable.BlurredVideoInfo)</visible>
				</control>
				<control type="image">
					<width>1192</width>
					<height>1080</height>
					<aspectratio align="center">scale</aspectratio>
					<texture background="true">$INFO[Window(home).Property(DialogMusicInfo.ImageFilter)]</texture>
					<fadetime>400</fadetime>
					<visible>Skin.HasSetting(Enable.BlurredVideoInfo)</visible>
				</control>
				<control type="image">
					<width>1192</width>
					<height>1080</height>
					<texture border="4">dialogs/info/info_rightpaneltop.png</texture>
					<animation effect="fade" start="100" end="55" time="0" condition="true">Conditional</animation>
					<visible>Skin.HasSetting(Enable.BlurredVideoInfo)</visible>
				</control>
				<control type="image">
					<width>1192</width>
					<height>1080</height>
					<texture border="4">dialogs/info/info_rightpaneltop.png</texture>
					<animation effect="fade" start="100" end="95" time="0" condition="true">Conditional</animation>
					<visible>!Skin.HasSetting(Enable.BlurredVideoInfo)</visible>
				</control>
			<control type="group">
				<left>40</left>
				<top>20</top>
				<width>1042</width>
				<height>854</height>
				<control type="grouplist">
					<top>-20</top>
					<width>1100</width>
					<height>110</height>
					<align>center</align>
					<visible>String.IsEqual(ListItem.DBType,song)</visible>
					<control type="label">
						<width>1100</width>
						<height>60</height>
						<font>font30_title_bold</font>
						<textcolor>grey</textcolor>
						<scroll>true</scroll>
						<label>$INFO[ListItem.Title]</label>
					</control>
					<control type="label">
						<width>1100</width>
						<height>30</height>
						<font>font15</font>
						<textcolor>$VAR[ThemeLabelColor]</textcolor>
						<scroll>true</scroll>
						<label>$INFO[ListItem.Artist]</label>
						<visible>!String.IsEmpty(ListItem.Artist)</visible>
					</control>
				</control>
				<control type="grouplist">
					<top>-20</top>
					<width>1100</width>
					<height>110</height>
					<align>center</align>
					<visible>String.IsEqual(ListItem.DBType,album)</visible>
					<control type="label">
						<width>1100</width>
						<height>60</height>
						<font>font30_title_bold</font>
						<textcolor>grey</textcolor>
						<scroll>true</scroll>
						<label>$INFO[ListItem.Album]</label>
						<visible>!String.IsEmpty(ListItem.Album)</visible>
					</control>
					<control type="label">
						<width>1100</width>
						<height>30</height>
						<font>font15</font>
						<textcolor>$VAR[ThemeLabelColor]</textcolor>
						<scroll>true</scroll>
						<label>$INFO[ListItem.Artist]</label>
						<visible>!String.IsEmpty(ListItem.Artist)</visible>
					</control>
				</control>
				<control type="grouplist">
					<top>-20</top>
					<width>1100</width>
					<height>110</height>
					<align>center</align>
					<visible>String.IsEqual(ListItem.DBType,artist)</visible>
					<control type="label">
						<width>1100</width>
						<height>60</height>
						<font>font30_title_bold</font>
						<textcolor>grey</textcolor>
						<scroll>true</scroll>
						<label>$INFO[ListItem.Artist]</label>
					</control>
				</control>
				<control type="image">
					<left>-37</left>
					<top>32</top>
					<width>1188</width>
					<height>60</height>
					<texture border="1">separator2.png</texture>
				</control>
				<control type="grouplist">
					<top>95</top>
					<width>1050</width>
					<height>90</height>
					<orientation>horizontal</orientation>
					<control type="label">
						<width>140</width>
						<height>90</height>
						<label>$INFO[ListItem.Year]</label>
						<font>font35_title_bold</font>
						<textcolor>grey</textcolor>
						<visible>!String.IsEmpty(ListItem.Year)</visible>
					</control>
					<control type="image">
						<width>2</width>
						<height>90</height>
						<texture border="1">separator3.png</texture>
						<visible>!String.IsEmpty(ListItem.Year)</visible>
					</control>
					<control type="label">
						<width>auto</width>
						<height>90</height>
						<label>$INFO[ListItem.Property(Artist_YearsActive),[B][LOWERCASE],  [/LOWERCASE][/B]]</label>Artist_YearsActive
						<font>font35_title</font>
						<textcolor>grey</textcolor>
						<visible>!String.IsEmpty(ListItem.Property(Artist_YearsActive)) + String.IsEqual(ListItem.DBType,artist)</visible>
					</control>
					<control type="group">
						<width>198</width>
						<visible>!String.IsEmpty(ListItem.Property(Album_Label))</visible>
						<control type="image" id="800011">
							<colordiffuse>grey</colordiffuse>
							<width>198</width>
							<height>88</height>
							<include>MediaFlagValues</include>
							<bordersize>2</bordersize>
							<texture>$INFO[ListItem.Property(Album_Label),resource://resource.images.recordlabels.white/,.png]</texture>
						</control>
						<control type="label">
							<width>198</width>
							<height>90</height>
							<align>center</align>
							<label>$INFO[ListItem.Property(Album_Label)]</label>
							<font>font10</font>
							<textcolor>grey</textcolor>
							<wrapmultiline>true</wrapmultiline>
							<visible>String.IsEmpty(Control.GetLabel(800011))</visible>
						</control>
					</control>
					<control type="image">
						<width>2</width>
						<height>90</height>
						<texture border="1">separator3.png</texture>
					</control>
					<control type="group">
						<visible>!IsEmpty(Window(home).Property(Artist.Albums.Count)) + !String.IsEmpty(Container(50).NumItems) + !String.IsEqual(ListItem.DBType,song)</visible>
						<width>160</width>
						<control type="label">
							<top>2</top>
							<width>160</width>
							<height>60</height>
							<align>center</align>
							<label>$INFO[Container(50).NumItems]</label>
							<font>font48_bold</font>
							<textcolor>grey</textcolor>
							<visible>!System.HasAddon(script.skin.info.service)</visible>
						</control>
						<control type="label">
							<top>2</top>
							<width>160</width>
							<height>60</height>
							<align>center</align>
							<label>$INFO[Window(home).Property(Artist.Albums.Count)]</label>
							<font>font48_bold</font>
							<textcolor>grey</textcolor>
							<visible>System.HasAddon(script.skin.info.service) + !IsEmpty(Window(home).Property(Artist.Albums.Count))</visible>
						</control>
						<control type="label">
							<top>52</top>
							<width>160</width>
							<height>30</height>
							<align>center</align>
							<label>[LOWERCASE]$LOCALIZE[182][/LOWERCASE]</label>
							<font>font12</font>
							<textcolor>grey</textcolor>
							<visible>[String.IsEqual(ListItem.DBType,album) | String.IsEqual(ListItem.DBType,song)]</visible>
						</control>
						<control type="label">
							<top>52</top>
							<width>160</width>
							<height>30</height>
							<align>center</align>
							<label>[LOWERCASE]$LOCALIZE[132][/LOWERCASE]</label>
							<font>font12</font>
							<textcolor>grey</textcolor>
							<visible>String.IsEqual(ListItem.DBType,artist)</visible>
						</control>
					</control>
					<control type="image">
						<width>2</width>
						<height>90</height>
						<texture border="1">separator3.png</texture>
						<visible>!IsEmpty(Window(home).Property(Artist.Albums.Count)) + !String.IsEmpty(Container(50).NumItems) + !String.IsEqual(ListItem.DBType,song)</visible>
					</control>
					<control type="image">
						<width>260</width>
						<aspectratio>keep</aspectratio>
						<colordiffuse>$VAR[StarRatingDiffuseVar]</colordiffuse>
						<texture fallback="rating0.png">$INFO[ListItem.UserRating,flags/rating/,.png]</texture>
						<visible>!String.IsEqual(ListItem.DBType,artist)</visible>
					</control>
					<control type="image">
						<width>2</width>
						<height>90</height>
						<texture border="1">separator3.png</texture>
						<visible>!String.IsEqual(ListItem.DBType,artist)</visible>
					</control>
				</control>
				<control type="image">
					<left>-37</left>
					<top>126</top>
					<width>1188</width>
					<height>60</height>
					<texture border="1">separator2.png</texture>
				</control>
				<control type="panel" id="300">
					<left>-36</left>
					<top>184</top>
					<width>1188</width>
					<height>306</height>
					<onup>4002</onup>
					<ondown>9000</ondown>
					<orientation>horizontal</orientation>
					<scrolltime tween="quadratic" easing="out">200</scrolltime>
					<itemlayout height="102" width="594">
						<control type="image">
							<top>42</top>
							<width>594</width>
							<height>60</height>
							<texture border="1">separator2.png</texture>
						</control>
						<control type="label">
							<top>50</top>
							<width>594</width>
							<height>40</height>
							<font>font15</font>
							<textcolor>grey</textcolor>
							<selectedcolor>$VAR[ThemeLabelColor]</selectedcolor>
							<label>$INFO[ListItem.Label]</label>
							<textoffsetx>36</textoffsetx>
						</control>
						<control type="label">
							<top>5</top>
							<width>594</width>
							<height>40</height>
							<font>font15</font>
							<textcolor>$VAR[ThemeLabelColor]</textcolor>
							<selectedcolor>$VAR[ThemeLabelColor]</selectedcolor>
							<label>$INFO[ListItem.Label2]</label>
							<textoffsetx>36</textoffsetx>
						</control>
					</itemlayout>
					<focusedlayout height="102" width="594">
						<control type="image">
							<top>42</top>
							<width>594</width>
							<height>60</height>
							<texture border="1">separator2.png</texture>
						</control>
						<control type="image">
							<top>1</top>
							<width>594</width>
							<height>100</height>
							<texture colordiffuse="$VAR[HighlightBarColor]" border="4">listselect_fo.png</texture>
							<visible>Control.HasFocus(300)</visible>
							<include>VisibleFadeAnimation</include>
						</control>
						<control type="label">
							<top>50</top>
							<width>594</width>
							<height>40</height>
							<font>font15</font>
							<textcolor>white</textcolor>
							<selectedcolor>$VAR[ThemeLabelColor]</selectedcolor>
							<label>$INFO[ListItem.Label]</label>
							<animation effect="fade" start="100" end="70" time="300" tween="sine" easing="inout" condition="!Control.HasFocus(300)">Conditional</animation>
							<textoffsetx>36</textoffsetx>
						</control>
						<control type="label">
							<top>5</top>
							<width>594</width>
							<height>40</height>
							<font>font15</font>
							<textcolor>white</textcolor>
							<selectedcolor>$VAR[ThemeLabelColor]</selectedcolor>
							<label>$INFO[ListItem.Label2]</label>
							<animation effect="fade" start="100" end="70" time="300" tween="sine" easing="inout" condition="!Control.HasFocus(300)">Conditional</animation>
							<textoffsetx>36</textoffsetx>
						</control>
					</focusedlayout>
					<content>
						<item>
							<label>$INFO[ListItem.Title]</label>
							<label2>$LOCALIZE[369]:</label2>
							<onclick>SetProperty(TextViewerHeader,$LOCALIZE[369],Home)</onclick>
							<onclick>SetProperty(TextViewerContent,$ESCINFO[ListItem.Title],Home)</onclick>
							<onclick>ActivateWindow(1112)</onclick>
							<visible>!String.IsEmpty(ListItem.Title) + ![String.IsEqual(ListItem.DBType,song) | String.IsEqual(ListItem.DBType,album)]</visible>
						</item>
						<item>
							<label>$INFO[ListItem.AlbumArtist]</label>
							<label2>$LOCALIZE[566]:</label2>
							<onclick>SetProperty(TextViewerHeader,$LOCALIZE[566],Home)</onclick>
							<onclick>SetProperty(TextViewerContent,$ESCINFO[ListItem.AlbumArtist],Home)</onclick>
							<onclick>ActivateWindow(1112)</onclick>
							<visible>!String.IsEmpty(ListItem.AlbumArtist) + !String.IsEqual(ListItem.AlbumArtist,ListItem.Artist)</visible>
						</item>
						<item>
							<label>$INFO[ListItem.RatingAndVotes]</label>
							<label2>$LOCALIZE[563]:</label2>
							<onclick>SetProperty(TextViewerHeader,$LOCALIZE[563],Home)</onclick>
							<onclick>SetProperty(TextViewerContent,$ESCINFO[ListItem.RatingAndVotes],Home)</onclick>
							<onclick>ActivateWindow(1112)</onclick>
							<visible>!String.IsEmpty(ListItem.RatingAndVotes)</visible>
						</item>
						<item>
							<label>$INFO[ListItem.TrackNumber]</label>
							<label2>$LOCALIZE[554]:</label2>
							<onclick>SetProperty(TextViewerHeader,$LOCALIZE[554],Home)</onclick>
							<onclick>SetProperty(TextViewerContent,$ESCINFO[ListItem.TrackNumber],Home)</onclick>
							<onclick>ActivateWindow(1112)</onclick>
							<visible>!String.IsEmpty(ListItem.TrackNumber) + String.IsEqual(ListItem.DBType,song)</visible>
						</item>
						<item>
							<label>$INFO[ListItem.Duration]</label>
							<label2>$LOCALIZE[180]:</label2>
							<onclick>SetProperty(TextViewerHeader,$LOCALIZE[180],Home)</onclick>
							<onclick>SetProperty(TextViewerContent,$ESCINFO[ListItem.Duration],Home)</onclick>
							<onclick>ActivateWindow(1112)</onclick>
							<visible>!String.IsEmpty(ListItem.Duration)</visible>
						</item>
						<item>
							<label>$INFO[ListItem.Comment]</label>
							<label2>$LOCALIZE[21806]:</label2>
							<onclick>SetProperty(TextViewerHeader,$LOCALIZE[21806],Home)</onclick>
							<onclick>SetProperty(TextViewerContent,$ESCINFO[ListItem.Comment],Home)</onclick>
							<onclick>ActivateWindow(1112)</onclick>
							<visible>!String.IsEmpty(ListItem.Comment)</visible>
						</item>
						<item>
							<label>$INFO[ListItem.Property(Artist_Born)]</label>
							<label2>$LOCALIZE[21893]:</label2>
							<onclick>SetProperty(TextViewerHeader,$LOCALIZE[21893],Home)</onclick>
							<onclick>SetProperty(TextViewerContent,$ESCINFO[ListItem.Property(Artist_Born)],Home)</onclick>
							<onclick>ActivateWindow(1112)</onclick>
							<visible>!String.IsEmpty(ListItem.Property(Artist_Born))</visible>
						</item>
						<item>
							<label>$INFO[ListItem.Property(Artist_Died)]</label>
							<label2>$LOCALIZE[21897]:</label2>
							<onclick>SetProperty(TextViewerHeader,$LOCALIZE[21897],Home)</onclick>
							<onclick>SetProperty(TextViewerContent,$ESCINFO[ListItem.Property(Artist_Died)],Home)</onclick>
							<onclick>ActivateWindow(1112)</onclick>
							<visible>!String.IsEmpty(ListItem.Property(Artist_Died))</visible>
						</item>
						<item>
							<label>$INFO[ListItem.Property(Artist_Formed)]</label>
							<label2>$LOCALIZE[21894]:</label2>
							<onclick>SetProperty(TextViewerHeader,$LOCALIZE[21894],Home)</onclick>
							<onclick>SetProperty(TextViewerContent,$ESCINFO[ListItem.Property(Artist_Formed)],Home)</onclick>
							<onclick>ActivateWindow(1112)</onclick>
							<visible>!String.IsEmpty(ListItem.Property(Artist_Formed))</visible>
						</item>
						<item>
							<label>$INFO[ListItem.Property(Artist_Disbanded)]</label>
							<label2>$LOCALIZE[21896]:</label2>
							<onclick>SetProperty(TextViewerHeader,$LOCALIZE[21896],Home)</onclick>
							<onclick>SetProperty(TextViewerContent,$ESCINFO[ListItem.Property(Artist_Disbanded)],Home)</onclick>
							<onclick>ActivateWindow(1112)</onclick>
							<visible>!String.IsEmpty(ListItem.Property(Artist_Disbanded))</visible>
						</item>
						<item>
							<label>$INFO[ListItem.Property(Artist_YearsActive)]</label>
							<label2>$LOCALIZE[21898]:</label2>
							<onclick>SetProperty(TextViewerHeader,$LOCALIZE[21898],Home)</onclick>
							<onclick>SetProperty(TextViewerContent,$ESCINFO[ListItem.Property(Artist_YearsActive)],Home)</onclick>
							<onclick>ActivateWindow(1112)</onclick>
							<visible>!String.IsEmpty(ListItem.Property(Artist_YearsActive)) + !String.IsEqual(ListItem.DBType,artist)</visible>
						</item>
						<item>
							<label>$INFO[ListItem.Property(Artist_Instrument)]</label>
							<label2>$LOCALIZE[21892]:</label2>
							<onclick>SetProperty(TextViewerHeader,$LOCALIZE[21892],Home)</onclick>
							<onclick>SetProperty(TextViewerContent,$ESCINFO[ListItem.Property(Artist_Instrument)],Home)</onclick>
							<onclick>ActivateWindow(1112)</onclick>
							<visible>!String.IsEmpty(ListItem.Property(Artist_Instrument))</visible>
						</item>
						<item>
							<label>$INFO[ListItem.Property(Artist_Mood)]</label>
							<label2>$LOCALIZE[175]:</label2>
							<onclick>SetProperty(TextViewerHeader,$LOCALIZE[175],Home)</onclick>
							<onclick>SetProperty(TextViewerContent,$ESCINFO[ListItem.Property(Artist_Mood)],Home)</onclick>
							<onclick>ActivateWindow(1112)</onclick>
							<visible>!String.IsEmpty(ListItem.Property(Artist_Mood)) + !String.IsEqual(ListItem.DBType,song)</visible>
						</item>
						<item>
							<label>$INFO[ListItem.Property(Artist_Style)]</label>
							<label2>$LOCALIZE[176]:</label2>
							<onclick>SetProperty(TextViewerHeader,$LOCALIZE[175],Home)</onclick>
							<onclick>SetProperty(TextViewerContent,$ESCINFO[ListItem.Property(Artist_Style)],Home)</onclick>
							<onclick>ActivateWindow(1112)</onclick>
							<visible>!String.IsEmpty(ListItem.Property(Artist_Style)) + !String.IsEqual(ListItem.DBType,song)</visible>
						</item>
						<item>
							<label>$INFO[ListItem.Property(Album_Mood)]</label>
							<label2>$LOCALIZE[175]:</label2>
							<onclick>SetProperty(TextViewerHeader,$LOCALIZE[175],Home)</onclick>
							<onclick>SetProperty(TextViewerContent,$ESCINFO[ListItem.Property(Album_Mood)],Home)</onclick>
							<onclick>ActivateWindow(1112)</onclick>
							<visible>!String.IsEmpty(ListItem.Property(Album_Mood))</visible>
						</item>
						<item>
							<label>$INFO[ListItem.Property(Album_Style)]</label>
							<label2>$LOCALIZE[176]:</label2>
							<onclick>SetProperty(TextViewerHeader,$LOCALIZE[176],Home)</onclick>
							<onclick>SetProperty(TextViewerContent,$ESCINFO[ListItem.Property(Album_Style)],Home)</onclick>
							<onclick>ActivateWindow(1112)</onclick>
							<visible>!String.IsEmpty(ListItem.Property(Album_Style))</visible>
						</item>
						<item>
							<label>$INFO[ListItem.Property(Album_Theme)]</label>
							<label2>$LOCALIZE[21895]:</label2>
							<onclick>SetProperty(TextViewerHeader,$LOCALIZE[21895],Home)</onclick>
							<onclick>SetProperty(TextViewerContent,$ESCINFO[ListItem.Property(Album_Theme)],Home)</onclick>
							<onclick>ActivateWindow(1112)</onclick>
							<visible>!String.IsEmpty(ListItem.Property(Album_Theme))</visible>
						</item>
						<item>
							<label>$INFO[ListItem.Property(Album_Type)]</label>
							<label2>$LOCALIZE[467]:</label2>
							<onclick>SetProperty(TextViewerHeader,$LOCALIZE[467],Home)</onclick>
							<onclick>SetProperty(TextViewerContent,$ESCINFO[ListItem.Property(Album_Type)],Home)</onclick>
							<onclick>ActivateWindow(1112)</onclick>
							<visible>!String.IsEmpty(ListItem.Property(Album_Type))</visible>
						</item>
						<item>
							<label>$INFO[ListItem.Genre]</label>
							<label2>$LOCALIZE[515]:</label2>
							<onclick>SetProperty(TextViewerHeader,$LOCALIZE[515],Home)</onclick>
							<onclick>SetProperty(TextViewerContent,$ESCINFO[ListItem.Genre],Home)</onclick>
							<onclick>ActivateWindow(1112)</onclick>
							<visible>!String.IsEmpty(ListItem.Genre)</visible>
						</item>
						<item>
							<label>$INFO[ListItem.DateAdded]</label>
							<label2>$LOCALIZE[570]:</label2>
							<onclick>SetProperty(TextViewerHeader,$LOCALIZE[570],Home)</onclick>
							<onclick>SetProperty(TextViewerContent,$ESCINFO[ListItem.DateAdded],Home)</onclick>
							<onclick>ActivateWindow(1112)</onclick>
							<visible>!String.IsEmpty(ListItem.DateAdded)</visible>
						</item>
						<item>
							<label>$INFO[ListItem.Path]</label>
							<label2>$LOCALIZE[573]:</label2>
							<onclick>SetProperty(TextViewerHeader,$LOCALIZE[573],Home)</onclick>
							<onclick>SetProperty(TextViewerContent,$ESCINFO[ListItem.Path],Home)</onclick>
							<onclick>ActivateWindow(1112)</onclick>
							<visible>!String.IsEmpty(ListItem.Path)</visible>
						</item>
						<item>
							<label>$INFO[ListItem.Filename]</label>
							<label2>$LOCALIZE[21800]:</label2>
							<onclick>SetProperty(TextViewerHeader,$LOCALIZE[573],Home)</onclick>
							<onclick>SetProperty(TextViewerContent,$ESCINFO[ListItem.Filename],Home)</onclick>
							<onclick>ActivateWindow(1112)</onclick>
							<visible>!String.IsEmpty(ListItem.Filename)</visible>
						</item>
						<item>
							<label>$INFO[ListItem.PlayCount]</label>
							<label2>$LOCALIZE[567]:</label2>
							<onclick>SetProperty(TextViewerHeader,$LOCALIZE[567],Home)</onclick>
							<onclick>SetProperty(TextViewerContent,$ESCINFO[ListItem.PlayCount],Home)</onclick>
							<onclick>ActivateWindow(1112)</onclick>
							<visible>!String.IsEmpty(ListItem.PlayCount)</visible>
						</item>
						<item>
							<label>$INFO[ListItem.LastPlayed]</label>
							<label2>$LOCALIZE[568]:</label2>
							<onclick>SetProperty(TextViewerHeader,$LOCALIZE[568],Home)</onclick>
							<onclick>SetProperty(TextViewerContent,$ESCINFO[ListItem.LastPlayed],Home)</onclick>
							<onclick>ActivateWindow(1112)</onclick>
							<visible>!String.IsEmpty(ListItem.LastPlayed)</visible>
						</item>
						<item>
							<label>$INFO[ListItem.Property(Role.Composer)]</label>
							<label2>$LOCALIZE[29903]:</label2>
							<onclick>SetProperty(TextViewerHeader,$LOCALIZE[29903],Home)</onclick>
							<onclick>SetProperty(TextViewerContent,$ESCINFO[ListItem.Property(Role.Composer)],Home)</onclick>
							<onclick>ActivateWindow(1112)</onclick>
							<visible>!String.IsEmpty(ListItem.Property(Role.Composer))</visible>
						</item>
						<item>
							<label>$INFO[ListItem.Property(Role.Conductor)]</label>
							<label2>$LOCALIZE[29905]:</label2>
							<onclick>SetProperty(TextViewerHeader,$LOCALIZE[29905],Home)</onclick>
							<onclick>SetProperty(TextViewerContent,$ESCINFO[ListItem.Property(Role.Conductor)],Home)</onclick>
							<onclick>ActivateWindow(1112)</onclick>
							<visible>!String.IsEmpty(ListItem.Property(Role.Conductor))</visible>
						</item>
						<item>
							<label>$INFO[ListItem.Property(Role.Orchestra)]</label>
							<label2>$LOCALIZE[38034]:</label2>
							<onclick>SetProperty(TextViewerHeader,$LOCALIZE[38034],Home)</onclick>
							<onclick>SetProperty(TextViewerContent,$ESCINFO[ListItem.Property(Role.Orchestra)],Home)</onclick>
							<onclick>ActivateWindow(1112)</onclick>
							<visible>!String.IsEmpty(ListItem.Property(Role.Orchestra))</visible>
						</item>
						<item>
							<label>$INFO[ListItem.Property(Role.Lyricist)]</label>
							<label2>$LOCALIZE[38035]:</label2>
							<onclick>SetProperty(TextViewerHeader,$LOCALIZE[29903],Home)</onclick>
							<onclick>SetProperty(TextViewerContent,$ESCINFO[ListItem.Property(Role.Lyricist)],Home)</onclick>
							<onclick>ActivateWindow(1112)</onclick>
							<visible>!String.IsEmpty(ListItem.Property(Role.Lyricist))</visible>
						</item>
						<item>
							<label>$INFO[ListItem.Property(Role.Remixer)]</label>
							<label2>$LOCALIZE[38036]:</label2>
							<onclick>SetProperty(TextViewerHeader,$LOCALIZE[38036],Home)</onclick>
							<onclick>SetProperty(TextViewerContent,$ESCINFO[ListItem.Property(Role.Remixer)],Home)</onclick>
							<onclick>ActivateWindow(1112)</onclick>
							<visible>!String.IsEmpty(ListItem.Property(Role.Remixer))</visible>
						</item>
						<item>
							<label>$INFO[ListItem.Property(Role.Arranger)]</label>
							<label2>$LOCALIZE[38037]:</label2>
							<onclick>SetProperty(TextViewerHeader,$LOCALIZE[38037],Home)</onclick>
							<onclick>SetProperty(TextViewerContent,$ESCINFO[ListItem.Property(Role.Arranger)],Home)</onclick>
							<onclick>ActivateWindow(1112)</onclick>
							<visible>!String.IsEmpty(ListItem.Property(Role.Arranger))</visible>
						</item>
						<item>
							<label>$INFO[ListItem.Property(Role.Engineer)]</label>
							<label2>$LOCALIZE[38038]:</label2>
							<onclick>SetProperty(TextViewerHeader,$LOCALIZE[38038],Home)</onclick>
							<onclick>SetProperty(TextViewerContent,$ESCINFO[ListItem.Property(Role.Engineer)],Home)</onclick>
							<onclick>ActivateWindow(1112)</onclick>
							<visible>!String.IsEmpty(ListItem.Property(Role.Engineer))</visible>
						</item>
						<item>
							<label>$INFO[ListItem.Property(Role.Producer)]</label>
							<label2>$LOCALIZE[38039]:</label2>
							<onclick>SetProperty(TextViewerHeader,$LOCALIZE[38039],Home)</onclick>
							<onclick>SetProperty(TextViewerContent,$ESCINFO[ListItem.Property(Role.Producer)],Home)</onclick>
							<onclick>ActivateWindow(1112)</onclick>
							<visible>!String.IsEmpty(ListItem.Property(Role.Producer))</visible>
						</item>
						<item>
							<label>$INFO[ListItem.Property(Role.DJMixer)]</label>
							<label2>$LOCALIZE[38040]:</label2>
							<onclick>SetProperty(TextViewerHeader,$LOCALIZE[38040],Home)</onclick>
							<onclick>SetProperty(TextViewerContent,$ESCINFO[ListItem.Property(Role.DJMixer)],Home)</onclick>
							<onclick>ActivateWindow(1112)</onclick>
							<visible>!String.IsEmpty(ListItem.Property(Role.DJMixer))</visible>
						</item>
						<item>
							<label>$INFO[ListItem.Property(Role.Mixer)]</label>
							<label2>$LOCALIZE[38041]:</label2>
							<onclick>SetProperty(TextViewerHeader,$LOCALIZE[38041],Home)</onclick>
							<onclick>SetProperty(TextViewerContent,$ESCINFO[ListItem.Property(Role.Mixer)],Home)</onclick>
							<onclick>ActivateWindow(1112)</onclick>
							<visible>!String.IsEmpty(ListItem.Property(Role.Mixer))</visible>
						</item>
					</content>
				</control>
				<control type="grouplist" id="9001">
					<left>-36</left>
					<top>550</top>
					<width>1190</width>
					<height>420</height>
					<onup>9000</onup>
					<ondown>noop</ondown>
					<pagecontrol>70</pagecontrol>
					<scrolltime tween="quadratic" easing="out">300</scrolltime>
					<control type="group" id="90017">
						<width>1190</width>
						<height>420</height>
						<control type="button" id="900171">
							<description>FS Plot</description>
							<texturenofocus />
							<width>1186</width>
							<height>420</height>
							<label />
							<onup>9000</onup>
							<ondown>50</ondown>
							<include>ButtonInfoDialogsCommonValues</include>
							<onclick condition="String.IsEqual(ListItem.DBType,artist) | String.IsEqual(ListItem.DBType,album) | String.IsEqual(ListItem.DBType,song)">SetProperty(TextViewerHeader,$ESCINFO[ListItem.Artist,[B],[/B]],Home)</onclick>
							<onclick condition="String.IsEqual(ListItem.DBType,album) | String.IsEqual(ListItem.DBType,song)">SetProperty(TextViewerSubHeader,$ESCINFO[ListItem.Album,[I],[/I]],Home)</onclick>
							<onclick condition="String.IsEqual(ListItem.DBType,album)">SetProperty(TextViewerContent,$ESCINFO[ListItem.Property(Album_Description)],home)</onclick>
							<onclick condition="String.IsEqual(ListItem.DBType,artist) | String.IsEqual(ListItem.DBType,song)">SetProperty(TextViewerContent,$ESCINFO[ListItem.Property(Artist_Description)],home)</onclick>
							<onclick>ActivateWindow(1112)</onclick>
						</control>
						<control type="textbox" id="4">
							<description>Plot</description>
							<left>36</left>
							<top>10</top>
							<width>1112</width>
							<height>400</height>
							<font>font15_textbox</font>
							<textcolor>white</textcolor>
							<pagecontrol />
							<label>$VAR[MusicInfoPlotVar]</label>
							<autoscroll time="3000" delay="6000" repeat="6000">Skin.HasSetting(Enable.AutoScroll)</autoscroll>
							<animation effect="fade" start="0" end="100" time="500" tween="sine" easing="inout">VisibleChange</animation>
							<animation effect="fade" start="100" end="78" time="300" tween="sine" easing="inout" condition="!Control.HasFocus(900171)">Conditional</animation>
						</control>
					</control>
					<control type="panel" id="50">
						<left>-36</left>
						<top>550</top>
						<width>1186</width>
						<height>420</height>
						<onleft>50</onleft>
						<onright>50</onright>
						<ondown>90011</ondown>
						<viewtype label="">list</viewtype>
						<pagecontrol>61</pagecontrol>
						<scrolltime tween="quadratic" easing="out">200</scrolltime>
						<orientation>horizontal</orientation>
						<itemlayout height="84" width="593" condition="String.IsEqual(ListItem.DBType,artist) | String.IsEqual(ListItem.DBType,song)">
							<control type="image">
								<top>24</top>
								<width>593</width>
								<height>60</height>
								<texture border="1">separator2.png</texture>
							</control>
							<control type="label">
								<width>593</width>
								<height>84</height>
								<font>font15</font>
								<textoffsetx>36</textoffsetx>
								<textcolor>grey</textcolor>
								<selectedcolor>$VAR[ThemeLabelColor]</selectedcolor>
								<label>[CAPITALIZE]$INFO[ListItem.Label][/CAPITALIZE]</label>
							</control>
							<control type="label">
								<width>593</width>
								<height>84</height>
								<font>font15</font>
								<textoffsetx>15</textoffsetx>
								<textcolor>grey</textcolor>
								<align>right</align>
								<selectedcolor>$VAR[ThemeLabelColor]</selectedcolor>
								<label>[CAPITALIZE]$INFO[ListItem.Label2][/CAPITALIZE]</label>
							</control>
						</itemlayout>
						<focusedlayout height="84" width="593" condition="String.IsEqual(ListItem.DBType,artist) | String.IsEqual(ListItem.DBType,song)">
							<control type="image">
								<top>24</top>
								<width>593</width>
								<height>60</height>
								<texture border="1">separator2.png</texture>
							</control>
							<control type="image">
								<width>593</width>
								<height>84</height>
								<texture colordiffuse="$VAR[HighlightBarColor]" border="5">listselect_fo.png</texture>
								<visible>Control.HasFocus(50)</visible>
								<include>VisibleFadeAnimation</include>
							</control>
							<control type="label">
								<width>593</width>
								<height>84</height>
								<font>font15</font>
								<textoffsetx>36</textoffsetx>
								<textcolor>white</textcolor>
								<selectedcolor>$VAR[ThemeLabelColor]</selectedcolor>
								<label>[CAPITALIZE]$INFO[ListItem.Label][/CAPITALIZE]</label>
								<animation effect="fade" start="100" end="40" time="300" tween="sine" easing="inout" condition="!Control.HasFocus(50)">Conditional</animation>
							</control>
							<control type="label">
								<width>593</width>
								<height>84</height>
								<font>font15</font>
								<textoffsetx>15</textoffsetx>
								<align>right</align>
								<selectedcolor>$VAR[ThemeLabelColor]</selectedcolor>
								<label>[CAPITALIZE]$INFO[ListItem.Label2][/CAPITALIZE]</label>
								<animation effect="fade" start="100" end="40" time="300" tween="sine" easing="inout" condition="!Control.HasFocus(50)">Conditional</animation>
							</control>
						</focusedlayout>
						<itemlayout height="84" width="593" condition="String.IsEqual(ListItem.DBType,album)">
							<control type="image">
								<top>24</top>
								<width>593</width>
								<height>60</height>
								<texture border="1">separator2.png</texture>
							</control>
							<control type="label">
								<width>593</width>
								<height>84</height>
								<font>font15</font>
								<textoffsetx>36</textoffsetx>
								<textcolor>grey</textcolor>
								<selectedcolor>$VAR[ThemeLabelColor]</selectedcolor>
								<label>$INFO[ListItem.Tracknumber,,: ]$INFO[ListItem.Label]</label>
							</control>
							<control type="label">
								<width>593</width>
								<height>84</height>
								<font>font15</font>
								<textoffsetx>15</textoffsetx>
								<textcolor>grey</textcolor>
								<align>right</align>
								<selectedcolor>$VAR[ThemeLabelColor]</selectedcolor>
								<label>$INFO[ListItem.Duration]</label>
							</control>
						</itemlayout>
						<focusedlayout height="84" width="593" condition="String.IsEqual(ListItem.DBType,album)">
							<control type="image">
								<top>24</top>
								<width>593</width>
								<height>60</height>
								<texture border="1">separator2.png</texture>
							</control>
							<control type="image">
								<width>593</width>
								<height>84</height>
								<texture colordiffuse="$VAR[HighlightBarColor]" border="5">listselect_fo.png</texture>
								<visible>Control.HasFocus(50)</visible>
								<include>VisibleFadeAnimation</include>
							</control>
							<control type="label">
								<width>593</width>
								<height>84</height>
								<font>font15</font>
								<textoffsetx>36</textoffsetx>
								<textcolor>white</textcolor>
								<selectedcolor>$VAR[ThemeLabelColor]</selectedcolor>
								<label>$INFO[ListItem.Tracknumber,,: ]$INFO[ListItem.Label]</label>
								<animation effect="fade" start="100" end="40" time="300" tween="sine" easing="inout" condition="!Control.HasFocus(50)">Conditional</animation>
							</control>
							<control type="label">
								<width>593</width>
								<height>84</height>
								<font>font15</font>
								<textoffsetx>15</textoffsetx>
								<align>right</align>
								<selectedcolor>$VAR[ThemeLabelColor]</selectedcolor>
								<label>$INFO[ListItem.Duration]</label>
								<animation effect="fade" start="100" end="40" time="300" tween="sine" easing="inout" condition="!Control.HasFocus(50)">Conditional</animation>
							</control>
						</focusedlayout>
					</control>
				</control>
				<control type="scrollbar" id="70">
					<include>HiddenObject</include>
				</control>
				<control type="group" id="71">
					<top>975</top>
					<visible>ControlGroup(9001).HasFocus</visible>
					<include>SettingsFadeAnimation</include>
					<control type="label">
						<width>1190</width>
						<height>90</height>
						<font>font15</font>
						<textcolor>grey</textcolor>
						<label>$VAR[MusicInfoDetailsLabelVar]</label>
					</control>
					<control type="button">
						<left>1090</left>
						<top>20</top>
						<width>40</width>
						<height>25</height>
						<label />
						<texturenofocus border="1">android/numberpicker_up_normal_holo_dark.png</texturenofocus>
						<texturefocus border="1">android/numberpicker_up_longpressed_holo_dark.png</texturefocus>
						<onclick>PageUp(70)</onclick>
					</control>
					<control type="button">
						<left>1090</left>
						<top>50</top>
						<width>40</width>
						<height>25</height>
						<label />
						<texturenofocus border="1">android/numberpicker_down_normal_holo_dark.png</texturenofocus>
						<texturefocus border="1">android/numberpicker_down_longpressed_holo_dark.png</texturefocus>
						<onclick>PageDown(70)</onclick>
						<animation effect="fade" time="100">VisibleChange</animation>
						<visible>Container(9001).HasNext</visible>
					</control>
				</control>
			</control>
			<control type="group">
				<left>3</left>
				<control type="image">
					<top>450</top>
					<width>594</width>
					<height>60</height>
					<texture border="1">separator2.png</texture>
					<visible>!Integer.IsGreater(Container(300).NumItems,2)</visible>
				</control>
				<control type="image">
					<left>594</left>
					<top>450</top>
					<width>594</width>
					<height>60</height>
					<texture border="1">separator2.png</texture>
					<visible>!Integer.IsGreater(Container(300).NumItems,5)</visible>
				</control>
				<control type="grouplist" id="9000">
					<left>1</left>
					<top>510</top>
					<width>1192</width>
					<height>60</height>
					<onleft>9000</onleft>
					<onright>9000</onright>
					<onup>300</onup>
					<ondown>9001</ondown>
					<orientation>horizontal</orientation>
					<control type="button" id="10">
						<description>Get Thumb</description>
						<include>ButtonInfoDialogsCommonValues</include>
						<label>13405</label>
						<enable>!Skin.HasSetting(KioskMode.Enabled)</enable>
					</control>
					<control type="image" id="202">
						<width>2</width>
						<height>58</height>
						<texture border="1">separator3.png</texture>
					</control>
					<control type="button" id="12">
						<description>Get Fanart</description>
						<include>ButtonInfoDialogsCommonValues</include>
						<label>20413</label>
						<enable>!Skin.HasSetting(KioskMode.Enabled)</enable>
						<visible>!String.IsEqual(ListItem.DBType,song)</visible>
					</control>
					<control type="togglebutton" id="7">
						<description>Set rating</description>
						<include>ButtonInfoDialogsCommonValues</include>
						<label>38023</label>
						<altlabel>$LOCALIZE[31147]</altlabel>
						<usealttexture>!String.IsEmpty(ListItem.UserRating)</usealttexture>
					</control>
					<control type="image" id="203">
						<width>2</width>
						<height>58</height>
						<texture border="1">separator3.png</texture>
					</control>
					<control type="button" id="6">
						<description>Refresh</description>
						<include>ButtonInfoDialogsCommonValues</include>
						<enable>!Skin.HasSetting(KioskMode.Enabled)</enable>
						<visible>false</visible>
					</control>
					<control type="image" id="205">
						<width>2</width>
						<height>58</height>
						<texture border="1">separator3.png</texture>
						<visible>!String.IsEqual(ListItem.DBType,song)</visible>
					</control>
					<control type="button" id="204">
						<description>filler</description>
						<width>512</width>
						<include>ButtonInfoDialogsCommonValues</include>
						<label />
						<onclick>noop</onclick>
						<enable>no</enable>
					</control>
					<control type="button" id="201">
						<description>Refresh</description>
						<font>IconMedium</font>
						<width>80</width>
						<texturenofocus />
						<include>ButtonInfoDialogsCommonValues</include>
						<label></label>
						<onclick>SendClick(9000,6)</onclick>
						<enable>!Skin.HasSetting(KioskMode.Enabled)</enable>
					</control>
					<control type="image" id="206">
						<width>2</width>
						<height>58</height>
						<texture border="1">separator3.png</texture>
					</control>
					<control type="button" id="207">
						<description>Extras</description>
						<font>IconMedium</font>
						<width>80</width>
						<include>ButtonInfoDialogsCommonValues</include>
						<label>+</label>
						<onclick>ActivateWindow(1119)</onclick>
						<enable>!Skin.HasSetting(KioskMode.Enabled)</enable>
					</control>
				</control>
			</control>
		</control>
	</controls>
</window>