<?xml version="1.0" encoding="UTF-8"?>
<includes>
	<include file="Defaults.xml" />
	<include file="Includes_CommonContent.xml" />
	<include file="Includes_CommonValues.xml" />
	<include file="Includes_Animations.xml" />
	<include file="Includes_Home.xml" />
	<include file="Includes_LiveBG.xml" />
	<include file="Includes_LiveTV.xml" />
	<include file="Includes_Widgets.xml" />
	<include file="Includes_Backgrounds.xml" />
	<include file="View_50_List.xml" />
	<include file="View_51_InfoWall.xml" />
	<include file="View_52_Landscape.xml" />
	<include file="View_53_ShowCase.xml" />
	<include file="View_54_ShowCase.xml" />
	<include file="View_55_TriPanel.xml" />
	<include file="View_56_Posters.xml" />
	<include file="View_57_Shift.xml" />
	<include file="View_58_BannerWall.xml" />
	<include file="View_59_Logo.xml" />
	<include file="View_499_Wall_Large.xml" />
	<include file="View_500_Icons.xml" />
	<include file="View_501_LowList.xml" />
	<include file="View_502_Episode.xml" />
	<include file="View_503_Wall.xml" />
	<include file="View_504_Gallery.xml" />
	<include file="View_505_Panel.xml" />
	<include file="View_506_RightList.xml" />
	<include file="View_507_BigList.xml" />
	<include file="View_508_SongList.xml" />
	<include file="View_509_MyFlix.xml" />
	<include file="View_591_BigFan.xml" />
	<include file="View_601_BannerPlex.xml" />
	<include file="View_602_FanartList.xml" />
	<include file="View_609_Fullscreen_Wall.xml" />
	<include file="Variables.xml" />
	<include file="Variables_Widgets.xml" />
	<include file="script-skinshortcuts-includes.xml" />
	<constant name="FanartCrossfadeTime">500</constant>
	<constant name="IconCrossfadeTime">400</constant>
	<constant name="MaxDepth">0.30</constant>
	<constant name="MinDepth">-0.80</constant>
	<variable name="BannerThumb">
		<value condition="!String.IsEmpty(ListItem.Art(banner))">$INFO[ListItem.Art(banner)]</value>
		<value>$INFO[ListItem.Icon]</value>
	</variable>
	<variable name="PosterThumb">
		<value condition="!String.IsEmpty(ListItem.Art(poster))">$INFO[ListItem.Art(poster)]</value>
		<value>$INFO[ListItem.Icon]</value>
	</variable>
	<!-- Media Menu -->
	<include name="SideBladeLeft">
		<animation effect="slide" start="440,0" end="0,0" time="400" tween="quadratic" easing="out" condition="String.IsEmpty(Window(home).Property(MediaMenu))">Conditional</animation>
		<animation effect="slide" start="0,0" end="-440,0" time="400" tween="quadratic" easing="out">WindowClose</animation>
		<control type="image">
			<width>432</width>
			<height>1080</height>
			<texture  border="40">mediamenu_back.png</texture>
		</control>
		<control type="button" id="9051">
			<include>HiddenObject</include>
			<onfocus condition="String.IsEmpty(Window(Home).Property(MediaMenu))">SetProperty(MediaMenu,True,home)</onfocus>
			<onfocus condition="String.IsEmpty(Window(Home).Property(MediaMenu))">SetFocus(9050)</onfocus>
			<onfocus condition="!String.IsEmpty(Window(Home).Property(MediaMenu))">ClearProperty(MediaMenu,Home)</onfocus>
			<onfocus condition="!String.IsEmpty(Window(Home).Property(MediaMenu))">SetFocus(50)</onfocus>
		</control>
		<control type="button" id="8999">
			<description>Close Window button</description>
			<left>350</left>
			<width>64</width>
			<height>48</height>
			<label></label>
			<font>CloseButton</font>
			<textcolor>grey</textcolor>
			<focusedcolor>$VAR[ThemeLabelColor]</focusedcolor>
			<onclick>ClearProperty(MediaMenu,Home)</onclick>
			<onclick>SetFocus(50)</onclick>
			<texturefocus />
			<texturenofocus />
			<visible>system.getbool(input.enablemouse) + !Window.IsVisible(1128) + !Window.IsVisible(1130) + !Window.IsVisible(1131) + !Window.IsVisible(1132)</visible>
		</control>
		<control type="image">
			<description>LOGO</description>
			<top>-25</top>
			<width>400</width>
			<height>120</height>
			<aspectratio>keep</aspectratio>
			<texture></texture>
		</control>
	</include>
	<include name="KioskModeButton">
		<control type="button">
			<description>Kiosk Mode button</description>
			<include>ButtonCommonValues</include>
			<label />
			<onfocus>ClearProperty(MediaMenu,Home)</onfocus>
			<onfocus>SetFocus(50)</onfocus>
		</control>
	</include>
	<include name="MediaMenuTop">
		<top>60</top>
		<width>400</width>
		<height>1080</height>
		<onleft>9050</onleft>
		<onright>ClearProperty(MediaMenu,Home)</onright>
		<onright>50</onright>
		<onup>9050</onup>
		<ondown condition="Control.IsVisible(9050)">9950</ondown>
		<ondown condition="!Control.IsVisible(9050)">9050</ondown>
		<onback>ClearProperty(MediaMenu,Home)</onback>
		<onback>50</onback>
		<include condition="Skin.HasSetting(KioskMode.Enabled)">KioskModeButton</include>
		<animation effect="fade" start="100" end="0" time="200" condition="Window.IsVisible(1128) | Window.IsVisible(1130) | Window.IsVisible(1131) | Window.IsVisible(1132)" reversible="true">Conditional</animation>
		<control type="button" id="200">
			<label>31006</label>
			<textwidth>352</textwidth>
			<font>font13_title</font>
			<include>ButtonCommonValues</include>
			<enable>no</enable>
			<disabledcolor>$VAR[ThemeLabelColor]</disabledcolor>
		</control>
		<control type="button" id="2000">
			<description>View As button</description>
			<textwidth>352</textwidth>
			<include>ButtonCommonValues</include>
			<label>$INFO[Container.Viewmode,$LOCALIZE[31100] ]</label>
			<onclick>ActivateWindow(1130)</onclick>
			<visible>!Window.IsActive(tvchannels) + !Window.IsActive(eventlog)</visible>
		</control>
		<control type="button" id="7031">
			<description>View settings</description>
			<textwidth>352</textwidth>
			<include>ButtonCommonValues</include>
			<label>$INFO[Container.Viewmode,,: $LOCALIZE[5]]</label>
			<onclick condition="Control.IsVisible(50)">SetProperty(actualViewtype,List,home)</onclick>
			<onclick condition="Control.IsVisible(51)">SetProperty(actualViewtype,InfoWall,home)</onclick>
			<onclick condition="Control.IsVisible(52)">SetProperty(actualViewtype,Landscape,home)</onclick>
			<onclick condition="Control.IsVisible(53)">SetProperty(actualViewtype,ShowCase,home)</onclick>
			<onclick condition="Control.IsVisible(54)">SetProperty(actualViewtype,ShowCaseSquare,home)</onclick>
			<onclick condition="Control.IsVisible(55)">SetProperty(actualViewtype,TriPanel,home)</onclick>
			<onclick condition="Control.IsVisible(56)">SetProperty(actualViewtype,Posters,home)</onclick>
			<onclick condition="Control.IsVisible(57)">SetProperty(actualViewtype,Shift,home)</onclick>
			<onclick condition="Control.IsVisible(58)">SetProperty(actualViewtype,BannerWall,home)</onclick>
			<onclick condition="Control.IsVisible(59)">SetProperty(actualViewtype,Logo,home)</onclick>
			<onclick condition="Control.IsVisible(499)">SetProperty(actualViewtype,SmallIcons,home)</onclick>
			<onclick condition="Control.IsVisible(500)">SetProperty(actualViewtype,Icons,home)</onclick>
			<onclick condition="Control.IsVisible(501)">SetProperty(actualViewtype,LowList,home)</onclick>
			<onclick condition="Control.IsVisible(502)">SetProperty(actualViewtype,Episode,home)</onclick>
			<onclick condition="Control.IsVisible(503)">SetProperty(actualViewtype,Wall,home)</onclick>
			<onclick condition="Control.IsVisible(504)">SetProperty(actualViewtype,Gallery,home)</onclick>
			<onclick condition="Control.IsVisible(505)">SetProperty(actualViewtype,Panel,home)</onclick>
			<onclick condition="Control.IsVisible(507)">SetProperty(actualViewtype,BigList,home)</onclick>
			<onclick condition="Control.IsVisible(508)">SetProperty(actualViewtype,SongList,home)</onclick>
			<onclick condition="Control.IsVisible(591)">SetProperty(actualViewtype,BigFan,home)</onclick>
			<onclick condition="Control.IsVisible(601)">SetProperty(actualViewtype,BannerPlex,home)</onclick>
			<onclick condition="Control.IsVisible(602)">SetProperty(actualViewtype,FanartList,home)</onclick>
			<onclick condition="Control.IsVisible(609)">SetProperty(actualViewtype,FullscreenWall,home)</onclick>
			<onclick condition="Control.IsVisible(506)">SetProperty(actualViewtype,RightList,home)</onclick>
			<onclick condition="Control.IsVisible(509)">SetProperty(actualViewtype,MyFlix,home)</onclick>
			<onclick>ActivateWindow(1131)</onclick>
		</control>
		<control type="togglebutton" id="6055">
			<description>LowList Toggle</description>
			<textwidth>255</textwidth>
			<include>ButtonCommonValues</include>
			<label>$LOCALIZE[31093]</label>
			<onclick>Skin.ToggleSetting(nohighlistgame)</onclick>
			<onclick>ReloadSkin()</onclick>
			<visible>Control.IsVisible(501) + String.Contains(Container.FolderPath,plugin.program.advanced.launcher)</visible>
		</control>
		<control type="button" id="3">
			<description>Sort by button</description>
			<include>ButtonCommonValues</include>
			<label>103</label>
		</control>
		<control type="togglebutton" id="4">
			<description>Sort asc</description>
			<include>ButtonCommonValues</include>
			<label>31051</label>
			<altlabel>31050</altlabel>
			<usealttexture>Container.SortDirection(Ascending)</usealttexture>
		</control>
		<control type="button" id="2001">
			<include>ButtonCommonValues</include>
			<label>$LOCALIZE[19190]</label>
			<onclick>ActivateWindow(1128)</onclick>
		</control>
	</include>
	<include name="PVRMediaMenu">
		<control type="group">
			<left>-440</left>
			<include>SideBladeLeft</include>
			<control type="grouplist" id="9050">
				<top>100</top>
				<width>400</width>
				<height>1080</height>
				<onleft>9050</onleft>
				<onright>ClearProperty(MediaMenu,Home)</onright>
				<onright condition="!Window.IsVisible(tvguide) + Control.IsVisible(50)">50</onright>
				<onright condition="!Window.IsVisible(tvguide) + Control.IsVisible(51)">51</onright>
				<onright condition="!Window.IsVisible(tvguide) + Control.IsVisible(52)">52</onright>
				<onright condition="Window.IsVisible(tvguide)">10</onright>
				<onup>9050</onup>
				<ondown>9050</ondown>
				<onback>ClearProperty(MediaMenu,Home)</onback>
				<onback>50</onback>
				<include condition="Skin.HasSetting(KioskMode.Enabled)">KioskModeButton</include>
				<animation effect="fade" start="100" end="0" time="200" condition="Window.IsVisible(1128)" reversible="true">Conditional</animation>
				<control type="label" id="200">
					<width>400</width>
					<height>52</height>
					<textoffsetx>15</textoffsetx>
					<font>font13_title</font>
					<label>31006</label>
					<textcolor>$VAR[ThemeLabelColor]</textcolor>
				</control>
				<control type="button" id="28">
					<description>Channel Groups</description>
					<textwidth>255</textwidth>
					<include>ButtonCommonValues</include>
					<label />
				</control>
				<control type="button" id="2">
					<description>View As button</description>
					<textwidth>352</textwidth>
					<include>ButtonCommonValues</include>
					<visible>!Window.IsActive(tvguide)</visible>
				</control>
				<control type="button" id="3">
					<description>Sort by button</description>
					<include>ButtonCommonValues</include>
					<label>103</label>
				</control>
				<control type="togglebutton" id="4">
					<description>Sort asc</description>
					<include>ButtonCommonValues</include>
					<label>31051</label>
					<altlabel>31050</altlabel>
					<usealttexture>Container.SortDirection(Ascending)</usealttexture>
				</control>
				<control type="button" id="2001">
					<include>ButtonCommonValues</include>
					<label>$LOCALIZE[19190]</label>
					<onclick>ActivateWindow(1128)</onclick>
				</control>
				<control type="button" id="203">
					<description>View options</description>
					<textwidth>352</textwidth>
					<font>font13_title</font>
					<include>ButtonCommonValues</include>
					<label>31039</label>
					<enable>no</enable>
					<disabledcolor>$VAR[ThemeLabelColor]</disabledcolor>
				</control>
				<control type="button" id="100">
					<description>Channels</description>
					<label>19019</label>
					<textwidth>352</textwidth>
					<include>ButtonCommonValues</include>
					<onclick condition="String.IsEmpty(Window.Property(IsRadio))">ActivateWindow(TVChannels)</onclick>
					<onclick condition="!String.IsEmpty(Window.Property(IsRadio))">ActivateWindow(RadioChannels)</onclick>
				</control>
				<control type="button" id="101">
					<description>Guide</description>
					<label>22020</label>
					<textwidth>352</textwidth>
					<include>ButtonCommonValues</include>
					<onclick condition="String.IsEmpty(Window.Property(IsRadio))">ActivateWindow(TVGuide)</onclick>
					<onclick condition="!String.IsEmpty(Window.Property(IsRadio))">ActivateWindow(RadioGuide)</onclick>
					<visible>!Skin.HasSetting(Disable.PVRGuide)</visible>
				</control>
				<control type="button" id="102">
					<description>Recordings</description>
					<label>19163</label>
					<textwidth>352</textwidth>
					<include>ButtonCommonValues</include>
					<onclick condition="String.IsEmpty(Window.Property(IsRadio))">ActivateWindow(TVRecordings)</onclick>
					<onclick condition="!String.IsEmpty(Window.Property(IsRadio))">ActivateWindow(RadioRecordings)</onclick>
					<visible>!Skin.HasSetting(Disable.PVRRecordings)</visible>
				</control>
				<control type="button" id="103">
					<description>Timers</description>
					<label>19040</label>
					<textwidth>352</textwidth>
					<include>ButtonCommonValues</include>
					<onclick condition="String.IsEmpty(Window.Property(IsRadio))">ActivateWindow(TVTimers)</onclick>
					<onclick condition="!String.IsEmpty(Window.Property(IsRadio))">ActivateWindow(RadioTimers)</onclick>
					<visible>!Skin.HasSetting(Disable.PVRTimer)</visible>
				</control>
				<control type="button" id="104">
					<description>Search</description>
					<label>137</label>
					<textwidth>352</textwidth>
					<include>ButtonCommonValues</include>
					<onclick condition="String.IsEmpty(Window.Property(IsRadio))">ActivateWindow(TVSearch)</onclick>
					<onclick condition="!String.IsEmpty(Window.Property(IsRadio))">ActivateWindow(RadioSearch)</onclick>
					<visible>!Skin.HasSetting(Disable.PVRSearch)</visible>
				</control>
				<control type="button" id="201">
					<description>View options</description>
					<textwidth>352</textwidth>
					<font>font13_title</font>
					<include>ButtonCommonValues</include>
					<label>31026</label>
					<enable>no</enable>
					<disabledcolor>$VAR[ThemeLabelColor]</disabledcolor>
				</control>
				<control type="button" id="330">
					<description>Settings</description>
					<textwidth>352</textwidth>
					<include>ButtonCommonValues</include>
					<label>$LOCALIZE[31179]</label>
					<onclick>ClearProperty(MediaMenu,Home)</onclick>
					<onclick>ActivateWindow(1150)</onclick>
				</control>
			</control>
		</control>
	</include>
	<include name="NoMediaMenu">
		<top>100</top>
		<width>400</width>
		<height>1080</height>
		<onleft>9050</onleft>
		<onright>ClearProperty(MediaMenu,Home)</onright>
		<onright condition="!Window.IsActive(SettingsCategory.xml) + !Window.IsActive(profiles)">50</onright>
		<onright condition="Window.IsActive(SettingsCategory.xml)">3</onright>
		<onright condition="Window.IsActive(profiles)">2</onright>
		<onup>9050</onup>
		<ondown>9950</ondown>
		<onback>ClearProperty(MediaMenu,Home)</onback>
		<onback>50</onback>
		<include condition="Skin.HasSetting(KioskMode.Enabled)">KioskModeButton</include>
		<animation effect="fade" start="100" end="0" time="200" condition="Window.IsVisible(1128)" reversible="true">Conditional</animation>
		<control type="label" id="200">
			<width>400</width>
			<height>52</height>
			<textoffsetx>15</textoffsetx>
			<font>font13_title</font>
			<label>31006</label>
			<textcolor>$VAR[ThemeLabelColor]</textcolor>
		</control>
		<control type="button" id="2001">
			<include>ButtonCommonValues</include>
			<label>$LOCALIZE[19190]</label>
			<onclick>ActivateWindow(1128)</onclick>
			<visible>!Window.IsActive(profiles)</visible>
		</control>
		<control type="button" id="2002">
			<include>ButtonCommonValues</include>
			<label>$LOCALIZE[19190]</label>
			<onclick>Skin.Reset(ItemToEdit.MultiFanart)</onclick>
			<onclick>SetProperty(No.Cases,True,home)</onclick>
			<onclick>$VAR[FallbackBackgroundOnClickVar]</onclick>
			<onclick>ActivateWindow(1122)</onclick>
			<visible>Window.IsActive(profiles)</visible>
		</control>
		<control type="button" id="203">
			<description>Settings level</description>
			<textwidth>352</textwidth>
			<font>font13_title</font>
			<include>ButtonCommonValues</include>
			<label>$LOCALIZE[31142]</label>
			<enable>no</enable>
			<disabledcolor>$VAR[ThemeLabelColor]</disabledcolor>
			<visible>Window.IsActive(SettingsCategory.xml)</visible>
		</control>
		<control type="button" id="20">
			<description>Change settings level</description>
			<label>19019</label>
			<textwidth>352</textwidth>
			<include>ButtonCommonValues</include>
			<onclick>SettingsLevelChange</onclick>
			<visible>Window.IsActive(SettingsCategory.xml)</visible>
		</control>
	</include>
	<include name="MediaMenuPlayerControls">
		<control type="grouplist" id="9950">
			<top>1023</top>
			<left>-20</left>
			<height>67</height>
			<width>440</width>
			<align>center</align>
			<scrolltime tween="sine">200</scrolltime>
			<orientation>horizontal</orientation>
			<onup>9050</onup>
			<ondown>2000</ondown>
			<onleft>9950</onleft>
			<onright>9950</onright>
			<onback>ClearProperty(MediaMenu,Home)</onback>
			<onback>50</onback>
			<visible>Player.HasMedia + Control.IsVisible(9050) + !Window.IsVisible(1128) + !Window.IsVisible(1130) + !Window.IsVisible(1131) + !Window.IsVisible(1132)</visible>
			<control type="button" id="9951">
				<texturefocus>osd/buttons/OSDPrevTrackFO.png</texturefocus>
				<texturenofocus>osd/buttons/OSDPrevTrackNF.png</texturenofocus>
				<label />
				<width>67</width>
				<height>67</height>
				<font />
				<onclick>PlayerControl(Previous)</onclick>
			</control>
			<control type="button" id="9952">
				<texturefocus>osd/buttons/OSDRewindFO.png</texturefocus>
				<texturenofocus>osd/buttons/OSDRewindNF.png</texturenofocus>
				<label />
				<width>67</width>
				<height>67</height>
				<font />
				<onclick>PlayerControl(Rewind)</onclick>
			</control>
			<control type="button" id="9953">
				<texturefocus>osd/buttons/OSDStopFO.png</texturefocus>
				<texturenofocus>osd/buttons/OSDStopNF.png</texturenofocus>
				<label />
				<width>67</width>
				<height>67</height>
				<font />
				<onclick>PlayerControl(Stop)</onclick>
			</control>
			<control type="togglebutton" id="9954">
				<texturefocus>osd/buttons/OSDPauseFO.png</texturefocus>
				<texturenofocus>osd/buttons/OSDPauseNF.png</texturenofocus>
				<alttexturefocus>osd/buttons/OSDPlayFO.png</alttexturefocus>
				<alttexturenofocus>osd/buttons/OSDPlayNF.png</alttexturenofocus>
				<label />
				<altlabel>208</altlabel>
				<width>67</width>
				<height>67</height>
				<font />
				<usealttexture>Player.Paused | Player.Forwarding | Player.Rewinding</usealttexture>
				<onclick>PlayerControl(Play)</onclick>
			</control>
			<control type="button" id="9955">
				<texturefocus>osd/buttons/OSDForwardFO.png</texturefocus>
				<texturenofocus>osd/buttons/OSDForwardNF.png</texturenofocus>
				<label />
				<width>67</width>
				<height>67</height>
				<font />
				<onclick>PlayerControl(Forward)</onclick>
			</control>
			<control type="button" id="9956">
				<texturefocus>osd/buttons/OSDNextTrackFO.png</texturefocus>
				<texturenofocus>osd/buttons/OSDNextTrackNF.png</texturenofocus>
				<label />
				<width>67</width>
				<height>67</height>
				<font />
				<onclick>PlayerControl(Next)</onclick>
			</control>
		</control>
	</include>
	<!-- Scroll Label -->
	<include name="ScrollOffsetLabel">
		<control type="group">
			<visible>!Control.HasFocus(615)</visible>
			<visible>Container.Scrolling + [String.IsEqual(Container.SortMethod,$LOCALIZE[551]) | String.IsEqual(Container.SortMethod,$LOCALIZE[561]) | String.IsEqual(Container.SortMethod,$LOCALIZE[558]) | String.IsEqual(Container.SortMethod,$LOCALIZE[557]) | String.IsEqual(Container.SortMethod,$LOCALIZE[556])]</visible>
			<animation effect="slide" tween="cubic" easing="inout" time="400" start="160" end="0">VisibleChange</animation>
			<left>1794</left>
			<top>36</top>
			<control type="image">
				<width>160</width>
				<height>160</height>
				<texture border="35">listpanel_back.png</texture>
			</control>
			<control type="label">
				<top>15</top>
				<width>160</width>
				<height>120</height>
				<align>center</align>
				<label>$INFO[ListItem.SortLetter]</label>
				<textcolor>white</textcolor>
				<font>font_MainMenu</font>
			</control>
		</control>
	</include>
	<!-- Navigation Bar -->
	<include name="Topbar">
		<control type="group">
			<control type="button" id="900222">
				<label />
				<left>-30</left>
				<onclick condition="String.IsEmpty(Window(home).Property(MediaMenu))">SetProperty(MediaMenu,True,home)</onclick>
				<onclick condition="!String.IsEmpty(Window(home).Property(MediaMenu))">ClearProperty(MediaMenu,Home)</onclick>
				<onfocus condition="String.IsEmpty(Window(home).Property(MediaMenu)) + Skin.HasSetting(Enable.AutoOpenMediaMenuOnMouseOver)">SetProperty(MediaMenu,True,home)</onfocus>
				<onfocus condition="!String.IsEmpty(Window(home).Property(MediaMenu)) + Skin.HasSetting(Enable.AutoOpenMediaMenuOnMouseOver)">ClearProperty(MediaMenu,Home)</onfocus>
				<texturenofocus />
				<texturefocus />
				<height>32</height>
				<include>ButtonTopbarCommonvalues</include>
				<visible>!String.IsEmpty(Window(home).Property(Window.HasSettings))</visible>
			</control>
			<control type="group">
				<animation effect="slide" start="0,0" end="0,-90" time="800" tween="cubic" condition="Control.IsVisible(503) + String.IsEmpty(Skin.String(503.NoTopBar)) + System.IdleTime(2)">Conditional</animation>
				<animation effect="slide" start="0,0" end="0,-90" time="800" tween="cubic" condition="Control.IsVisible(609) + String.IsEmpty(Skin.String(609.NoTopBar)) + !System.IdleTime(2)">Conditional</animation>
				<animation effect="slide" start="0,-90" end="0,0" delay="800" time="480" condition="Window.Previous(home)">WindowOpen</animation>
				<animation effect="slide" end="0,-90" start="0,0" time="480" condition="Window.Next(home)">WindowClose</animation>
				<visible>[Control.IsVisible(50) + String.IsEmpty(Skin.String(50.NoTopBar))] | [Control.IsVisible(51) + String.IsEmpty(Skin.String(51.NoTopBar))] | [Control.IsVisible(52) + String.IsEmpty(Skin.String(52.NoTopBar))] | [Control.IsVisible(53) + String.IsEmpty(Skin.String(53.NoTopBar))] | [Control.IsVisible(54) + String.IsEmpty(Skin.String(54.NoTopBar))] | [Control.IsVisible(55) + String.IsEmpty(Skin.String(55.NoTopBar))] | [Control.IsVisible(56) + String.IsEmpty(Skin.String(56.NoTopBar))] | [Control.IsVisible(57) + String.IsEmpty(Skin.String(57.NoTopBar))] | [Control.IsVisible(58) + String.IsEmpty(Skin.String(58.NoTopBar))] | [Control.IsVisible(59) + String.IsEmpty(Skin.String(59.NoTopBar))] | [Control.IsVisible(499) + String.IsEmpty(Skin.String(499.NoTopBar))] | [Control.IsVisible(500) + String.IsEmpty(Skin.String(500.NoTopBar))] | [Control.IsVisible(501) + String.IsEmpty(Skin.String(501.NoTopBar))] | [Control.IsVisible(502) + String.IsEmpty(Skin.String(502.NoTopBar))] | [Control.IsVisible(503) + String.IsEmpty(Skin.String(503.NoTopBar))] | [Control.IsVisible(504) + String.IsEmpty(Skin.String(504.NoTopBar))] | [Control.IsVisible(505) + String.IsEmpty(Skin.String(505.NoTopBar))] | [Control.IsVisible(507) + String.IsEmpty(Skin.String(507.NoTopBar))] | [Control.IsVisible(508) + String.IsEmpty(Skin.String(508.NoTopBar))] | [Control.IsVisible(591) + String.IsEmpty(Skin.String(591.NoTopBar))] | [Control.IsVisible(592) + String.IsEmpty(Skin.String(592.NoTopBar))] | [Control.IsVisible(601) + String.IsEmpty(Skin.String(601.NoTopBar))] | [Control.IsVisible(602) + String.IsEmpty(Skin.String(602.NoTopBar))] | [Control.IsVisible(609) + String.IsEmpty(Skin.String(609.NoTopBar))] | [Control.IsVisible(506) + String.IsEmpty(Skin.String(506.NoTopBar))] | [Control.IsVisible(509) + String.IsEmpty(Skin.String(509.NoTopBar))] | !Window.IsMedia  | Window.IsActive(script-NextAired-TVGuide.xml)  | Window.IsActive(script-NextAired-TVGuide2.xml)  | Window.IsActive(tvguide)</visible>
				<control type="image">
					<width>100%</width>
					<height>79</height>
					<texture colordiffuse="$VAR[TopBarColor]">submenu_bar.png</texture>
					<visible>!Skin.HasSetting(Enable.ColoredTopBar)</visible>
				</control>
				<control type="image">
					<width>100%</width>
					<height>80</height>
					<texture colordiffuse="$VAR[TopBarColor]">submenu_bar_white.png</texture>
					<visible>Skin.HasSetting(Enable.ColoredTopBar)</visible>
				</control>
				<control type="button" id="90022">
					<label />
					<left>-30</left>
					<onclick condition="String.IsEmpty(Window(home).Property(MediaMenu))">SetProperty(MediaMenu,True,home)</onclick>
					<onclick condition="!String.IsEmpty(Window(home).Property(MediaMenu))">ClearProperty(MediaMenu,Home)</onclick>
					<texturenofocus colordiffuse="grey2">mediamenu_indicator.png</texturenofocus>
					<texturefocus colordiffuse="grey2">mediamenu_indicator.png</texturefocus>
					<height>32</height>
					<include>ButtonTopbarCommonvalues</include>
					<visible>!String.IsEmpty(Window(home).Property(Window.HasSettings))</visible>
				</control>
				<control type="label">
					<width>900</width>
					<height>90</height>
					<font>font13_title</font>
					<textoffsetx>15</textoffsetx>
					<textcolor>grey</textcolor>
					<aligny>top</aligny>
					<textoffsety>-4</textoffsety>
					<label>$VAR[BreadcrumbsVar]</label>
				</control>
				<control type="label">
					<visible>!Window.IsActive(script-globalsearch-main.xml)</visible>
					<left>1020</left>
					<width>900</width>
					<height>90</height>
					<font>font13_title</font>
					<textoffsetx>15</textoffsetx>
					<textcolor>grey</textcolor>
					<align>right</align>
					<aligny>top</aligny>
					<textoffsety>-4</textoffsety>
					<label>$INFO[Container.NumItems,, $LOCALIZE[31025]]$INFO[Container.CurrentPage,[COLOR grey2] | ,]$INFO[Container.NumPages,/,[/COLOR]]</label>
					<animation effect="slide" tween="cubic" time="240" end="-500,0" condition="Player.HasMedia | Window.IsActive(volumebar)">Conditional</animation>
				</control>
				<control type="label">
					<width>100%</width>
					<height>90</height>
					<font>font13_title</font>
					<textoffsetx>15</textoffsetx>
					<textcolor>grey</textcolor>
					<align>center</align>
					<aligny>top</aligny>
					<textoffsety>-4</textoffsety>
					<label>$INFO[System.Time]</label>
				</control>
				<control type="group">
					<visible>Player.HasMedia + ![Window.IsActive(volumebar)]</visible>
					<animation effect="slide" start="0,-60" end="0,0" time="200">Visible</animation>
					<animation effect="slide" start="0,0" end="0,-60" time="200">Hidden</animation>
					<left>1421</left>
					<control type="progress">
						<left>-5</left>
						<width>510</width>
						<height>34</height>
						<texturebg border="2">osd/texturebg.png</texturebg>
						<lefttexture />
						<midtexture colordiffuse="$VAR[ThemeLabelColor]" border="2">osd/midtexture_cache.png</midtexture>
						<righttexture />
						<overlaytexture />
						<info>Player.ProgressCache</info>
					</control>
					<control type="progress">
						<left>-5</left>
						<width>510</width>
						<height>33</height>
						<texturebg border="2">osd/texturebg_cache.png</texturebg>
						<lefttexture />
						<midtexture colordiffuse="$VAR[ThemeLabelColor]" border="2">osd/midtexture.png</midtexture>
						<righttexture />
						<overlaytexture />
						<info>Player.Progress</info>
					</control>
					<control type="fadelabel">
						<top>-4</top>
						<width>360</width>
						<height>90</height>
						<font>font13_title</font>
						<textoffsetx>10</textoffsetx>
						<textcolor>grey</textcolor>
						<shadowcolor>shadow</shadowcolor>
						<aligny>top</aligny>
						<scroll>true</scroll>
						<scrollspeed>20</scrollspeed>
						<scrollout>false</scrollout>
						<pauseatend>7000</pauseatend>
						<label>$INFO[Player.Title]</label>
						<label>$INFO[MusicPlayer.Artist]</label>
						<visible>Player.HasAudio</visible>
					</control>
					<control type="label">
						<width>360</width>
						<height>90</height>
						<font>font13_title</font>
						<textoffsetx>10</textoffsetx>
						<textcolor>grey</textcolor>
						<shadowcolor>shadow</shadowcolor>
						<aligny>top</aligny>
						<textoffsety>-4</textoffsety>
						<scroll>true</scroll>
						<label>$INFO[Player.Title]</label>
						<visible>Player.HasVideo</visible>
					</control>
					<control type="label">
						<left>360</left>
						<width>140</width>
						<height>90</height>
						<font>font13_title</font>
						<textoffsetx>10</textoffsetx>
						<textcolor>grey</textcolor>
						<shadowcolor>shadow</shadowcolor>
						<align>right</align>
						<aligny>top</aligny>
						<textoffsety>-4</textoffsety>
						<scroll>true</scroll>
						<label>$INFO[Player.TimeRemaining,- ]</label>
					</control>
				</control>
			</control>
		</control>
	</include>
	<!-- Context menu -->
	<include name="AdvancedLauncherTrailerButton">
		<control type="button" id="994">
			<label>$LOCALIZE[20410]</label>
			<onclick>PlayMedia($ESCINFO[ListItem.Trailer])</onclick>
			<visible>!String.IsEmpty(ListItem.Trailer)</visible>
		</control>
	</include>
	<!-- System windows -->
	<include name="SystemLeftPanel">
		<control type="image">
			<left>50</left>
			<width>420</width>
			<height>1020</height>
			<texture colordiffuse="E6FFFFFF" border="40">listpanel.png</texture>
		</control>
	</include>
	<include name="SystemRightPanel">
		<control type="image">
			<left>490</left>
			<width>1380</width>
			<height>1020</height>
			<texture colordiffuse="E6FFFFFF" border="40">listpanel1.png</texture>
		</control>
	</include>
	<!-- Extras -->
	<include name="ExtendedInfoAutoComplete">
		<control type="group">
			<animation effect="fade" start="100" end="0" time="300" condition="String.IsEmpty(Container(5000).ListItem.Label)">Conditional</animation>
			<visible>!System.HasHiddenInput</visible>
			<control type="image">
				<description>background image</description>
				<top>540</top>
				<width>1340</width>
				<height>220</height>
				<texture border="40">dialogs/default/bg.png</texture>
			</control>
			<control type="image">
				<left>30</left>
				<top>572</top>
				<width>1280</width>
				<height>161</height>
				<texture border="5">dialogs/default/inner.png</texture>
			</control>
			<control type="panel" id="5000">
				<left>30</left>
				<top>572</top>
				<width>1280</width>
				<height>160</height>
				<onleft>5000</onleft>
				<onright>5000</onright>
				<onup>4000</onup>
				<ondown>4000</ondown>
				<onback>noop</onback>
				<orientation>vertical</orientation>
				<scrolltime tween="quadratic" easing="out">200</scrolltime>
				<itemlayout height="80" width="320">
					<control type="image">
						<width>320</width>
						<height>80</height>
						<texture border="4">thumbs/panel_border.png</texture>
					</control>
					<control type="label">
						<width>320</width>
						<height>80</height>
						<align>center</align>
						<textcolor>grey2</textcolor>
						<font>font15</font>
						<label>$INFO[ListItem.Label]</label>
					</control>
				</itemlayout>
				<focusedlayout height="80" width="320">
					<control type="image">
						<width>320</width>
						<height>80</height>
						<texture border="4">thumbs/panel_border.png</texture>
						<visible>!Control.HasFocus(5000)</visible>
					</control>
					<control type="image">
						<width>320</width>
						<height>80</height>
						<texture colordiffuse="$VAR[HighlightBarColor]" border="5">listselect_fo.png</texture>
						<visible>Control.HasFocus(5000)</visible>
					</control>
					<control type="label">
						<width>320</width>
						<height>80</height>
						<align>center</align>
						<font>font15</font>
						<label>$INFO[ListItem.Label]</label>
					</control>
				</focusedlayout>
				<content>plugin://plugin.program.autocompletion?info=autocomplete&amp;&amp;id=$INFO[Control.GetLabel(312).index(1)]&amp;&amp;limit=8</content>
			</control>
		</control>
	</include>
	<include name="ExtendedVideoInfoLists">
		<include condition="String.IsEqual(ListItem.DBType,movie)">ExtendedInfoMovieLists</include>
		<include condition="String.IsEqual(ListItem.DBType,tvshow) | String.IsEqual(ListItem.DBType,season) | String.IsEqual(ListItem.DBType,episode)">ExtendedInfoSeriesLists</include>
	</include>
	<include name="DefaultActorList">
		<control type="panel" id="50">
			<include content="ExtendedInfoListLayout">
				<param name="PanelID">50</param>
				<param name="label2" value="$INFO[ListItem.Label2]" />
			</include>
		</control>
	</include>
	<include name="CustomActorList">
		<control type="panel" id="90050">
			<viewtype label="">list</viewtype>
			<include content="ExtendedInfoListLayout">
				<param name="PanelID">90050</param>
				<param name="label2" value="$INFO[ListItem.Label2]" />
			</include>
			<content>
				<include content="VideoCastItem">
					<param name="CastListItemID">0</param>
				</include>
				<include content="VideoCastItem">
					<param name="CastListItemID">1</param>
				</include>
				<include content="VideoCastItem">
					<param name="CastListItemID">2</param>
				</include>
				<include content="VideoCastItem">
					<param name="CastListItemID">3</param>
				</include>
				<include content="VideoCastItem">
					<param name="CastListItemID">4</param>
				</include>
				<include content="VideoCastItem">
					<param name="CastListItemID">5</param>
				</include>
				<include content="VideoCastItem">
					<param name="CastListItemID">6</param>
				</include>
				<include content="VideoCastItem">
					<param name="CastListItemID">7</param>
				</include>
				<include content="VideoCastItem">
					<param name="CastListItemID">8</param>
				</include>
				<include content="VideoCastItem">
					<param name="CastListItemID">9</param>
				</include>
				<include content="VideoCastItem">
					<param name="CastListItemID">10</param>
				</include>
				<include content="VideoCastItem">
					<param name="CastListItemID">11</param>
				</include>
				<include content="VideoCastItem">
					<param name="CastListItemID">12</param>
				</include>
				<include content="VideoCastItem">
					<param name="CastListItemID">13</param>
				</include>
				<include content="VideoCastItem">
					<param name="CastListItemID">14</param>
				</include>
				<include content="VideoCastItem">
					<param name="CastListItemID">15</param>
				</include>
				<include content="VideoCastItem">
					<param name="CastListItemID">16</param>
				</include>
				<include content="VideoCastItem">
					<param name="CastListItemID">17</param>
				</include>
				<include content="VideoCastItem">
					<param name="CastListItemID">18</param>
				</include>
				<include content="VideoCastItem">
					<param name="CastListItemID">19</param>
				</include>
				<include content="VideoCastItem">
					<param name="CastListItemID">20</param>
				</include>
				<include content="VideoCastItem">
					<param name="CastListItemID">21</param>
				</include>
				<include content="VideoCastItem">
					<param name="CastListItemID">22</param>
				</include>
				<include content="VideoCastItem">
					<param name="CastListItemID">23</param>
				</include>
				<include content="VideoCastItem">
					<param name="CastListItemID">24</param>
				</include>
			</content>
		</control>
	</include>
	<include name="HiddenActorList">
		<control type="list" id="50">
			<include>HiddenList</include>
		</control>
	</include>
	<include name="ExtendedInfoMovieLists">
		<control type="panel" id="90011">
			<description>Similar movies</description>
			<include content="ExtendedInfoListLayout">
				<param name="PanelID">90011</param>
				<param name="listVisible" value="!String.IsEqual(Window(Home).Property(SimilarMovies.Count),0)" />
			</include>
			<content>plugin://script.extendedinfo?info=similarmovies&amp;&amp;imdb_id=$INFO[ListItem.IMDBNumber]&amp;&amp;dbid=$INFO[ListItem.DBID]</content>
		</control>
		<control type="panel" id="90012">
			<description>Movies from director</description>
			<include content="ExtendedInfoListLayout">
				<param name="PanelID">90012</param>
				<param name="listVisible" value="!String.IsEqual(Window(Home).Property(DirectorMovies.Count),0)" />
			</include>
			<content target="video">plugin://script.extendedinfo?info=personmovies&amp;&amp;person=$INFO[ListItem.Director]</content>
		</control>
		<control type="panel" id="90013">
			<description>Movies from writers</description>
			<include content="ExtendedInfoListLayout">
				<param name="PanelID">90013</param>
				<param name="listVisible" value="!String.IsEqual(Window(Home).Property(WriterMovies.Count),0)" />
			</include>
			<content target="video">plugin://script.extendedinfo?info=personmovies&amp;&amp;person=$INFO[ListItem.Writer]</content>
		</control>
		<control type="panel" id="90014">
			<description>Movies from studio</description>
			<include content="ExtendedInfoListLayout">
				<param name="PanelID">90014</param>
				<param name="listVisible" value="!String.IsEqual(Window(Home).Property(StudioMovies.Count),0)" />
			</include>
			<content target="video">plugin://script.extendedinfo?info=studio&amp;&amp;studio=$INFO[ListItem.Studio]</content>
		</control>
	</include>
	<include name="ExtendedInfoSeriesLists">
		<control type="panel" id="90015">
			<description>Similar TV Shows</description>
			<include content="ExtendedInfoListLayout">
				<param name="PanelID">90015</param>
				<param name="listVisible" value="!String.IsEqual(Window(Home).Property(SimilarTVShows.Count),0) + !String.IsEqual(ListItem.DBType,episode)" />
			</include>
			<content target="video">plugin://script.extendedinfo?info=similartvshows&amp;&amp;dbid=$INFO[ListItem.DBID]</content>
		</control>
		<control type="panel" id="90019">
			<description>Popluar TV Shows</description>
			<include content="ExtendedInfoListLayout">
				<param name="PanelID">90019</param>
				<param name="listVisible" value="!String.IsEqual(Window(Home).Property(PopularTVShows.Count),0)" />
			</include>
			<content target="video">plugin://script.extendedinfo?info=populartvshows</content>
		</control>
		<control type="panel" id="90020">
			<description>Top Rated TV Shows</description>
			<include content="ExtendedInfoListLayout">
				<param name="PanelID">90020</param>
				<param name="listVisible" value="!String.IsEqual(Window(Home).Property(TopRatedTVShows.Count),0)" />
			</include>
			<content target="video">plugin://script.extendedinfo?info=topratedtvshows</content>
		</control>
		<control type="panel" id="90021">
			<description>TV shows airing today</description>
			<include content="ExtendedInfoListLayout">
				<param name="PanelID">90021</param>
				<param name="listVisible" value="!String.IsEqual(Window(Home).Property(AiringTodayTVShows.Count),0)" />
			</include>
			<content target="video">plugin://script.extendedinfo?info=airingtodaytvshows</content>
		</control>
		<control type="panel" id="90022">
			<description>On-the-air TV shows</description>
			<include content="ExtendedInfoListLayout">
				<param name="PanelID">90022</param>
				<param name="listVisible" value="!String.IsEqual(Window(Home).Property(OnAirTVShows.Count),0)" />
			</include>
			<content target="video">plugin://script.extendedinfo?info=onairtvshows</content>
		</control>
	</include>
	<!-- InfoPanel -->
	<include name="InfoPanel">
		<control type="group" id="12000">
			<visible>!String.IsEmpty(Control.GetLabel(4420)) + Control.IsVisible(4420)</visible>
			<visible>!String.IsEqual(Control.GetLabel(4420),5) + !String.IsEqual(Control.GetLabel(4420),6)</visible>
			<visible>!Skin.HasSetting(Enable.ManualInfoPanel) | [Skin.HasSetting(Enable.ManualInfoPanel) + Control.HasFocus(4401)]</visible>
			<animation effect="slide" start="0,-1080" end="0,0" time="840" tween="cubic">Visible</animation>
			<animation effect="slide" start="0,0" end="0,-1080" time="720" tween="cubic">Hidden</animation>
			<animation effect="slide" start="0,-1200" end="0,0" time="720" tween="cubic">WindowOpen</animation>
			<animation effect="slide" end="0,-1200" start="0,0" time="720" tween="cubic">WindowClose</animation>
			<animation effect="slide" start="0,0" end="0,230" time="0" tween="cubic" condition="[Control.IsVisible(57) + Skin.HasSetting(Enable.Shift.Small)] | Control.IsVisible(59)">Conditional</animation>
			<animation effect="slide" start="0,0" end="0,20" time="720" tween="cubic" condition="Control.IsVisible(52)">Conditional</animation>
			<animation effect="slide" start="0,0" end="0,80" time="720" tween="cubic" condition="Control.IsVisible(601)">Conditional</animation>
			<top>5</top>
			<control type="image">
				<description>background image</description>
				<left>90</left>
				<top>880</top>
				<width>1740</width>
				<height>780</height>
				<texture colordiffuse="A6FFFFFF" border="40">panel_reflect.png</texture>
				<visible>!Control.IsVisible(57)</visible>
			</control>
			<control type="image">
				<description>background image</description>
				<left>90</left>
				<top>130</top>
				<width>1740</width>
				<height>780</height>
				<texture colordiffuse="B3FFFFFF" border="40">listpanel_back.png</texture>
				<visible>!Control.IsVisible(57)</visible>
			</control>
			<control type="image">
				<description>background image</description>
				<left>120</left>
				<top>60</top>
				<width>1680</width>
				<height>860</height>
				<texture colordiffuse="B3FFFFFF" border="40">listpanel_back.png</texture>
				<visible>Control.IsVisible(57) + !Skin.HasSetting(Enable.Shift.Small)</visible>
			</control>
			<control type="image">
				<description>background image</description>
				<left>120</left>
				<top>60</top>
				<width>1680</width>
				<height>630</height>
				<texture colordiffuse="B3FFFFFF" border="40">listpanel_back.png</texture>
				<visible>Control.IsVisible(57) + Skin.HasSetting(Enable.Shift.Small)</visible>
			</control>
			<control type="group">
				<visible>String.IsEqual(Control.GetLabel(4420),1)</visible>
				<include>SettingsFadeAnimation</include>
				<control type="grouplist">
					<left>121</left>
					<top>162</top>
					<control type="button">
						<label>$VAR[InfoPanelLabel1Var]</label>
						<include>ShowCaseInfoPanelButtonsValues</include>
					</control>
					<control type="button">
						<label>$VAR[InfoPanelLabel2Var]</label>
						<include>ShowCaseInfoPanelButtonsValues</include>
					</control>
				</control>
				<control type="image">
					<left>622</left>
					<top>162</top>
					<width>2</width>
					<height>179</height>
					<texture border="1">separator3.png</texture>
				</control>
				<control type="grouplist">
					<left>624</left>
					<top>162</top>
					<control type="button">
						<label>$VAR[InfoPanelLabel3Var]</label>
						<include>ShowCaseInfoPanelButtonsValues</include>
					</control>
					<control type="group">
						<control type="button">
							<label>$VAR[InfoPanelLabel4Var]</label>
							<width>251</width>
							<include>ShowCaseInfoPanelButtonsValues</include>
						</control>
						<control type="image">
							<left>251</left>
							<width>2</width>
							<height>88</height>
							<texture border="1">separator3.png</texture>
						</control>
						<control type="button">
							<label>$VAR[InfoPanelLabel5Var]</label>
							<left>251</left>
							<width>250</width>
							<include>ShowCaseInfoPanelButtonsValues</include>
						</control>
					</control>
				</control>
				<control type="textbox">
					<label>$VAR[VideoPlotVar]</label>
					<top>342</top>
					<left>136</left>
					<width>970</width>
					<height>180</height>
					<font>font14_textbox2</font>
					<pagecontrol>62</pagecontrol>
					<autoscroll time="3000" delay="4000" repeat="5000">Skin.HasSetting(Enable.AutoScroll) + !Control.HasFocus(62)</autoscroll>
					<include>ShowCaseInfoPanelButtonsValues</include>
				</control>
				<control type="scrollbar" id="62">
					<top>342</top>
					<left>1112</left>
					<width>14</width>
					<height>180</height>
					<onup>SetProperty(MediaMenu,True,home)</onup>
					<onup>SetFocus(9050)</onup>
					<onleft>50</onleft>
					<onright>50</onright>
					<ondown>50</ondown>
					<texturesliderbackground>scrollbar/texturesliderbackground3.png</texturesliderbackground>
					<texturesliderbar colordiffuse="55ffffff" border="1">scrollbar/texturesliderbar3.png</texturesliderbar>
					<texturesliderbarfocus border="1">scrollbar/texturesliderbar3.png</texturesliderbarfocus>
					<showonepage>false</showonepage>
					<orientation>vertical</orientation>
				</control>
				<control type="image">
					<left>121</left>
					<top>464</top>
					<width>1675</width>
					<height>60</height>
					<texture border="1">separator2.png</texture>
				</control>
				<control type="image">
					<left>1126</left>
					<top>162</top>
					<width>673</width>
					<height>360</height>
					<fadetime>200</fadetime>
					<texture background="true">$VAR[GlobalBackgroundVar]</texture>
					<bordertexture border="1,1,2,1">thumbs/panel_border.png</bordertexture>
					<bordersize>1,1,2,1</bordersize>
				</control>
			</control>
			<control type="group">
				<visible>String.IsEqual(Control.GetLabel(4420),2)</visible>
				<include>SettingsFadeAnimation</include>
				<control type="grouplist">
					<left>121</left>
					<top>162</top>
					<control type="button">
						<label>$VAR[InfoPanelLabel1Var]</label>
						<include>ShowCaseInfoPanelButtonsValues</include>
					</control>
					<control type="button">
						<label>$VAR[InfoPanelLabel2Var]</label>
						<include>ShowCaseInfoPanelButtonsValues</include>
					</control>
					<control type="button">
						<label>$VAR[InfoPanelLabel3Var]</label>
						<include>ShowCaseInfoPanelButtonsValues</include>
					</control>
					<control type="group">
						<control type="button">
							<label>$VAR[InfoPanelLabel4Var]</label>
							<width>251</width>
							<height>92</height>
							<include>ShowCaseInfoPanelButtonsValues</include>
						</control>
						<control type="image">
							<left>251</left>
							<width>2</width>
							<height>88</height>
							<texture border="1">separator3.png</texture>
						</control>
						<control type="button">
							<label>$VAR[InfoPanelLabel5Var]</label>
							<left>251</left>
							<width>250</width>
							<height>92</height>
							<include>ShowCaseInfoPanelButtonsValues</include>
						</control>
					</control>
				</control>
				<control type="image">
					<left>622</left>
					<top>162</top>
					<width>2</width>
					<height>359</height>
					<texture border="1">separator3.png</texture>
				</control>
				<control type="textbox">
					<left>639</left>
					<label>$VAR[VideoPlotVar]</label>
					<top>162</top>
					<width>860</width>
					<height>354</height>
					<font>font14_textbox</font>
					<pagecontrol>62</pagecontrol>
					<autoscroll time="3000" delay="4000" repeat="5000">Skin.HasSetting(Enable.AutoScroll) + !Control.HasFocus(62)</autoscroll>
					<include>ShowCaseInfoPanelButtonsValues</include>
				</control>
				<control type="scrollbar" id="62">
					<top>162</top>
					<left>1510</left>
					<width>14</width>
					<height>360</height>
					<onup>SetProperty(MediaMenu,True,home)</onup>
					<onup>SetFocus(9050)</onup>
					<onleft>50</onleft>
					<onright>50</onright>
					<ondown>50</ondown>
					<texturesliderbackground>scrollbar/texturesliderbackground3.png</texturesliderbackground>
					<texturesliderbar colordiffuse="55ffffff" border="1">scrollbar/texturesliderbar3.png</texturesliderbar>
					<texturesliderbarfocus border="1">scrollbar/texturesliderbar3.png</texturesliderbarfocus>
					<showonepage>false</showonepage>
					<orientation>vertical</orientation>
				</control>
				<control type="image">
					<left>621</left>
					<top>464</top>
					<width>1170</width>
					<height>60</height>
					<texture border="1">separator2.png</texture>
				</control>
				<control type="image">
					<left>1160</left>
					<top>162</top>
					<width>640</width>
					<height>360</height>
					<fadetime>200</fadetime>
					<aspectratio align="right">keep</aspectratio>
					<texture background="true">$VAR[PosterThumbVar]</texture>
					<bordertexture border="1,1,2,1">thumbs/panel_border.png</bordertexture>
					<bordersize>1,1,2,1</bordersize>
				</control>
			</control>
			<control type="group">
				<visible>String.IsEqual(Control.GetLabel(4420),3) + Control.IsVisible(57)</visible>
				<include>SettingsFadeAnimation</include>
				<control type="grouplist">
					<left>150</left>
					<top>90</top>
					<orientation>horizontal</orientation>
					<visible>Skin.HasSetting(Enable.Shift.Discart) + !Skin.HasSetting(Enable.Shift.Small) + !ListItem.IsCollection + !Skin.HasSetting(Enable.ManualInfoPanel) + ![Container.Content(tvshows) | Container.Content(seasons)]</visible>
					<control type="button">
						<label>$VAR[InfoPanelLabel1Var]</label>
						<width>280</width>
						<include>ShowCaseInfoPanelButtonsValues</include>
					</control>
					<control type="button">
						<label>$VAR[InfoPanelLabel2Var]</label>
						<width>280</width>
						<include>ShowCaseInfoPanelButtonsValues</include>
					</control>
					<control type="button">
						<label>$VAR[InfoPanelLabel3Var]</label>
						<width>300</width>
						<include>ShowCaseInfoPanelButtonsValues</include>
					</control>
					<control type="button">
						<label>$VAR[InfoPanelLabel4Var]</label>
						<width>224</width>
						<include>ShowCaseInfoPanelButtonsValues</include>
					</control>
				</control>
				<control type="grouplist">
					<left>150</left>
					<top>90</top>
					<visible>!Skin.HasSetting(Enable.Shift.Discart) | Skin.HasSetting(Enable.Shift.Small) | ListItem.IsCollection | Skin.HasSetting(Enable.ManualInfoPanel) | [Container.Content(tvshows) | Container.Content(seasons)]</visible>
					<control type="button">
						<label>$VAR[InfoPanelLabel1Var]</label>
						<width>443</width>
						<include>ShowCaseInfoPanelButtonsValues</include>
					</control>
					<control type="button">
						<label>$VAR[InfoPanelLabel2Var]</label>
						<width>443</width>
						<include>ShowCaseInfoPanelButtonsValues</include>
					</control>
				</control>
				<control type="grouplist">
					<left>150</left>
					<top>270</top>
					<orientation>horizontal</orientation>
					<visible>!Skin.HasSetting(Enable.Shift.Discart) | Skin.HasSetting(Enable.Shift.Small) | ListItem.IsCollection | Skin.HasSetting(Enable.ManualInfoPanel) | [Container.Content(tvshows) | Container.Content(seasons)]</visible>
					<control type="button">
						<label>$VAR[InfoPanelLabel4Var]</label>
						<width>220</width>
						<include>ShowCaseInfoPanelButtonsValues</include>
					</control>
					<control type="button">
						<label>$VAR[InfoPanelLabel3Var]</label>
						<width>223</width>
						<include>ShowCaseInfoPanelButtonsValues</include>
					</control>
				</control>
				<control type="image">
					<left>593</left>
					<top>91</top>
					<width>2</width>
					<height>331</height>
					<texture border="1">separator3.png</texture>
					<visible>!Skin.HasSetting(Enable.Shift.Discart) | Skin.HasSetting(Enable.Shift.Small) | ListItem.IsCollection | Skin.HasSetting(Enable.ManualInfoPanel) | [Container.Content(tvshows) | Container.Content(seasons)]</visible>
				</control>
				<control type="image">
					<left>535</left>
					<top>179</top>
					<width>2</width>
					<height>242</height>
					<texture border="1">separator3.png</texture>
					<visible>Skin.HasSetting(Enable.Shift.Discart) + !Skin.HasSetting(Enable.Shift.Small) + !ListItem.IsCollection + !Skin.HasSetting(Enable.ManualInfoPanel) + ![Container.Content(tvshows) | Container.Content(seasons)]</visible>
				</control>
				<control type="textbox">
					<label>$VAR[VideoPlotVar]</label>
					<top>105</top>
					<left>610</left>
					<width>600</width>
					<height>308</height>
					<font>font14_textbox2</font>
					<pagecontrol>63</pagecontrol>
					<autoscroll time="3000" delay="4000" repeat="5000">Skin.HasSetting(Enable.AutoScroll) + !Control.HasFocus(63)</autoscroll>
					<include>ShowCaseInfoPanelButtonsValues</include>
					<visible>!Skin.HasSetting(Enable.Shift.Discart) | Skin.HasSetting(Enable.Shift.Small) | ListItem.IsCollection | Skin.HasSetting(Enable.ManualInfoPanel) | [Container.Content(tvshows) | Container.Content(seasons)]</visible>
				</control>
				<control type="textbox">
					<label>$VAR[VideoPlotVar]</label>
					<top>195</top>
					<left>550</left>
					<width>650</width>
					<height>218</height>
					<font>font14_textbox2</font>
					<pagecontrol>63</pagecontrol>
					<autoscroll time="3000" delay="4000" repeat="5000">Skin.HasSetting(Enable.AutoScroll) + !Control.HasFocus(63)</autoscroll>
					<include>ShowCaseInfoPanelButtonsValues</include>
					<visible>Skin.HasSetting(Enable.Shift.Discart) + !Skin.HasSetting(Enable.Shift.Small) + !ListItem.IsCollection + !Skin.HasSetting(Enable.ManualInfoPanel) + ![Container.Content(tvshows) | Container.Content(seasons)]</visible>
				</control>
				<control type="image">
					<left>536</left>
					<top>363</top>
					<width>694</width>
					<height>60</height>
					<texture border="1">separator2.png</texture>
					<visible>Skin.HasSetting(Enable.Shift.Discart) + !Skin.HasSetting(Enable.Shift.Small) + !ListItem.IsCollection + !Skin.HasSetting(Enable.ManualInfoPanel) + ![Container.Content(tvshows) | Container.Content(seasons)]</visible>
				</control>
				<control type="image">
					<left>594</left>
					<top>363</top>
					<width>694</width>
					<height>60</height>
					<texture border="1">separator2.png</texture>
					<visible>!Skin.HasSetting(Enable.Shift.Discart) | Skin.HasSetting(Enable.Shift.Small) | ListItem.IsCollection | Skin.HasSetting(Enable.ManualInfoPanel) | [Container.Content(tvshows) | Container.Content(seasons)]</visible>
				</control>
				<control type="scrollbar" id="63">
					<top>179</top>
					<left>1215</left>
					<width>14</width>
					<height>243</height>
					<onup>SetProperty(MediaMenu,True,home)</onup>
					<onup>SetFocus(9050)</onup>
					<onleft>50</onleft>
					<onright>50</onright>
					<ondown>50</ondown>
					<texturesliderbackground>scrollbar/texturesliderbackground3.png</texturesliderbackground>
					<texturesliderbar colordiffuse="55ffffff" border="1">scrollbar/texturesliderbar3.png</texturesliderbar>
					<texturesliderbarfocus border="1">scrollbar/texturesliderbar3.png</texturesliderbarfocus>
					<showonepage>false</showonepage>
					<orientation>vertical</orientation>
				</control>
				<control type="image">
					<left>1229</left>
					<top>92</top>
					<width>540</width>
					<height>330</height>
					<fadetime>200</fadetime>
					<texture background="true">$VAR[GlobalBackgroundVar]</texture>
					<bordertexture border="1,1,2,1">thumbs/panel_border.png</bordertexture>
					<bordersize>1,1,2,1</bordersize>
				</control>
			</control>
			<control type="group">
				<visible>String.IsEqual(Control.GetLabel(4420),4) + Control.IsVisible(57)</visible>
				<include>SettingsFadeAnimation</include>
				<control type="grouplist">
					<left>150</left>
					<top>90</top>
					<orientation>horizontal</orientation>
					<visible>Skin.HasSetting(Enable.Shift.Discart) + !Skin.HasSetting(Enable.Shift.Small) + !ListItem.IsCollection + !Skin.HasSetting(Enable.ManualInfoPanel) + ![Container.Content(tvshows) | Container.Content(seasons)]</visible>
					<control type="button">
						<label>$VAR[InfoPanelLabel1Var]</label>
						<width>300</width>
						<include>ShowCaseInfoPanelButtonsValues</include>
					</control>
					<control type="button">
						<label>$VAR[InfoPanelLabel2Var]</label>
						<width>300</width>
						<include>ShowCaseInfoPanelButtonsValues</include>
					</control>
					<control type="button">
						<label>$VAR[InfoPanelLabel3Var]</label>
						<width>320</width>
						<include>ShowCaseInfoPanelButtonsValues</include>
					</control>
					<control type="button">
						<label>$VAR[InfoPanelLabel4Var]</label>
						<width>280</width>
						<include>ShowCaseInfoPanelButtonsValues</include>
					</control>
					<control type="button">
						<label>$VAR[InfoPanelLabel5Var]</label>
						<width>260</width>
						<include>ShowCaseInfoPanelButtonsValues</include>
					</control>
				</control>
				<control type="grouplist">
					<left>150</left>
					<top>90</top>
					<visible>!Skin.HasSetting(Enable.Shift.Discart) | Skin.HasSetting(Enable.Shift.Small) | ListItem.IsCollection | Skin.HasSetting(Enable.ManualInfoPanel) | [Container.Content(tvshows) | Container.Content(seasons)]</visible>
					<control type="button">
						<label>$VAR[InfoPanelLabel1Var]</label>
						<width>384</width>
						<include>ShowCaseInfoPanelButtonsValues</include>
					</control>
					<control type="button">
						<label>$VAR[InfoPanelLabel4Var]</label>
						<width>384</width>
						<include>ShowCaseInfoPanelButtonsValues</include>
					</control>
					<control type="button">
						<label>$VAR[InfoPanelLabel5Var]</label>
						<width>384</width>
						<include>ShowCaseInfoPanelButtonsValues</include>
					</control>
				</control>
				<control type="grouplist">
					<left>535</left>
					<top>90</top>
					<orientation>horizontal</orientation>
					<visible>!Skin.HasSetting(Enable.Shift.Discart) | Skin.HasSetting(Enable.Shift.Small) | ListItem.IsCollection | Skin.HasSetting(Enable.ManualInfoPanel) | [Container.Content(tvshows) | Container.Content(seasons)]</visible>
					<control type="button">
						<label>$VAR[InfoPanelLabel2Var]</label>
						<width>430</width>
						<include>ShowCaseInfoPanelButtonsValues</include>
					</control>
					<control type="button">
						<label>$VAR[InfoPanelLabel3Var]</label>
						<width>440</width>
						<include>ShowCaseInfoPanelButtonsValues</include>
					</control>
				</control>
				<control type="image">
					<left>534</left>
					<top>91</top>
					<width>2</width>
					<height>359</height>
					<texture border="1">separator3.png</texture>
					<visible>!Skin.HasSetting(Enable.Shift.Discart) | Skin.HasSetting(Enable.Shift.Small) | ListItem.IsCollection | Skin.HasSetting(Enable.ManualInfoPanel) | [Container.Content(tvshows) | Container.Content(seasons)]</visible>
				</control>
				<control type="image">
					<left>534</left>
					<top>179</top>
					<width>2</width>
					<height>242</height>
					<texture border="1">separator3.png</texture>
					<visible>Skin.HasSetting(Enable.Shift.Discart) + !Skin.HasSetting(Enable.Shift.Small) + !ListItem.IsCollection + !Skin.HasSetting(Enable.ManualInfoPanel) + ![Container.Content(tvshows) | Container.Content(seasons)]</visible>
				</control>
				<control type="textbox">
					<left>550</left>
					<label>$VAR[VideoPlotVar]</label>
					<top>185</top>
					<width>950</width>
					<height>240</height>
					<font>font14_textbox</font>
					<pagecontrol>63</pagecontrol>
					<autoscroll time="3000" delay="4000" repeat="5000">Skin.HasSetting(Enable.AutoScroll) + !Control.HasFocus(63)</autoscroll>
					<include>ShowCaseInfoPanelButtonsValues</include>
				</control>
				<control type="scrollbar" id="63">
					<top>180</top>
					<left>1510</left>
					<width>14</width>
					<height>240</height>
					<onup>SetProperty(MediaMenu,True,home)</onup>
					<onup>SetFocus(9050)</onup>
					<onleft>50</onleft>
					<onright>50</onright>
					<ondown>50</ondown>
					<texturesliderbackground>scrollbar/texturesliderbackground3.png</texturesliderbackground>
					<texturesliderbar colordiffuse="55ffffff" border="1">scrollbar/texturesliderbar3.png</texturesliderbar>
					<texturesliderbarfocus border="1">scrollbar/texturesliderbar3.png</texturesliderbarfocus>
					<showonepage>false</showonepage>
					<orientation>vertical</orientation>
				</control>
				<control type="image">
					<left>1525</left>
					<top>93</top>
					<width>240</width>
					<height>340</height>
					<fadetime>200</fadetime>
					<texture background="true">$VAR[PosterThumbVar]</texture>
					<bordertexture border="1,1,2,1">thumbs/panel_border.png</bordertexture>
					<bordersize>1,1,2,1</bordersize>
				</control>
			</control>
		</control>
		<control type="group" id="13000">
			<control type="image">
				<description>background image</description>
				<include>FullscreenDimensions</include>
				<texture colordiffuse="80FFFFFF">black.png</texture>
				<visible>!String.IsEmpty(Control.GetLabel(4420)) + Control.IsVisible(4420)</visible>
				<visible>!Skin.HasSetting(Enable.ManualInfoPanel) + [String.IsEqual(Control.GetLabel(4420),5) | String.IsEqual(Control.GetLabel(4420),6)] | [Skin.HasSetting(Enable.ManualInfoPanel) + Control.HasFocus(4401) + [String.IsEqual(Control.GetLabel(4420),5) | String.IsEqual(Control.GetLabel(4420),6)]]</visible>
				<animation effect="fade" time="320">Visible</animation>
				<animation effect="fade" time="720">Hidden</animation>
			</control>
			<control type="group">
				<visible>!String.IsEmpty(Control.GetLabel(4420)) + Control.IsVisible(4420)</visible>
				<visible>!Skin.HasSetting(Enable.ManualInfoPanel) + [String.IsEqual(Control.GetLabel(4420),5) | String.IsEqual(Control.GetLabel(4420),6)] | [Skin.HasSetting(Enable.ManualInfoPanel) + Control.HasFocus(4401) + [String.IsEqual(Control.GetLabel(4420),5) | String.IsEqual(Control.GetLabel(4420),6)]]</visible>
				<animation effect="slide" start="0,-1080" end="0,0" time="840" tween="cubic">Visible</animation>
				<animation effect="slide" start="0,0" end="0,-1080" time="720" tween="cubic">Hidden</animation>
				<animation effect="slide" start="0,-1200" end="0,0" time="720" tween="cubic">WindowOpen</animation>
				<animation effect="slide" end="0,-1200" start="0,0" time="720" tween="cubic">WindowClose</animation>
				<control type="group">
					<visible>String.IsEqual(Control.GetLabel(4420),5)</visible>
					<include>SettingsFadeAnimation</include>
					<control type="grouplist">
						<left>5</left>
						<top>80</top>
						<control type="button">
							<label>$VAR[InfoPanelLabel1Var]</label>
							<include>NewInfoPanelButtonsValues</include>
						</control>
						<control type="button">
							<label>$VAR[InfoPanelLabel2Var]</label>
							<include>NewInfoPanelButtonsValues</include>
						</control>
						<control type="group">
							<control type="button">
								<label>$VAR[InfoPanelLabel3Var]</label>
								<width>auto</width>
								<include>NewInfoPanelButtonsValues</include>
							</control>
							<control type="button">
								<left>501</left>
								<width>251</width>
								<label>$VAR[InfoPanelLabel4Var]</label>
								<include>NewInfoPanelButtonsValues</include>
							</control>
							<control type="button">
								<left>752</left>
								<width>250</width>
								<label>$VAR[InfoPanelLabel5Var]</label>
								<include>NewInfoPanelButtonsValues</include>
							</control>
						</control>
					</control>
					<control type="textbox">
						<label>$VAR[VideoPlotVar]</label>
						<top>367</top>
						<left>20</left>
						<width>1090</width>
						<height>130</height>
						<font>font14_textbox2</font>
						<pagecontrol />
						<autoscroll time="3000" delay="4000" repeat="5000">true</autoscroll>
						<include>NewInfoPanelButtonsValues</include>
					</control>
					<control type="image">
						<left>1132</left>
						<top>71</top>
						<width>768</width>
						<height>415</height>
						<fadetime>200</fadetime>
						<texture background="true">$VAR[GlobalBackgroundVar]</texture>
						<aspectratio scalediffuse="false" aligny="center">scale</aspectratio>
						<bordertexture border="20">thumbs/thumb_shadow_aa.png</bordertexture>
						<bordersize>20</bordersize>
					</control>
				</control>
				<control type="group">
					<visible>String.IsEqual(Control.GetLabel(4420),6)</visible>
					<include>SettingsFadeAnimation</include>
					<control type="grouplist">
						<left>5</left>
						<top>80</top>
						<control type="button">
							<label>$VAR[InfoPanelLabel1Var]</label>
							<width>615</width>
							<include>NewInfoPanelButtonsValues</include>
						</control>
						<control type="button">
							<label>$VAR[InfoPanelLabel2Var]</label>
							<width>615</width>
							<include>NewInfoPanelButtonsValues</include>
						</control>
						<control type="button">
							<label>$VAR[InfoPanelLabel3Var]</label>
							<width>615</width>
							<include>NewInfoPanelButtonsValues</include>
						</control>
						<control type="group">
							<control type="button">
								<width>251</width>
								<label>$VAR[InfoPanelLabel4Var]</label>
								<include>NewInfoPanelButtonsValues</include>
							</control>
							<control type="button">
								<left>251</left>
								<width>364</width>
								<label>$VAR[InfoPanelLabel5Var]</label>
								<include>NewInfoPanelButtonsValues</include>
							</control>
						</control>
					</control>
					<control type="textbox">
						<label>$VAR[VideoPlotVar]</label>
						<top>92</top>
						<left>650</left>
						<width>900</width>
						<height>345</height>
						<font>font14_textbox2</font>
						<pagecontrol />
						<autoscroll time="3000" delay="4000" repeat="5000">true</autoscroll>
						<include>NewInfoPanelButtonsValues</include>
					</control>
					<control type="image">
						<left>1601</left>
						<top>71</top>
						<width>278</width>
						<height>380</height>
						<fadetime>200</fadetime>
						<texture background="true">$VAR[PosterThumbVar]</texture>
						<bordertexture border="20">thumbs/thumb_shadow_aa.png</bordertexture>
						<bordersize>20</bordersize>
					</control>
				</control>
			</control>
		</control>
	</include>
	<!-- InfoPopup -->
	<include name="InfoPopup">
		<param name="StudioLabelID" />
		<definition>
			<control type="image">
				<include>FullscreenDimensions</include>
				<texture>black.png</texture>
				<animation effect="fade" start="0" end="40" time="320">Visible</animation>
				<visible>[String.IsEqual(Skin.String(InfoPopup.Delay),2) + System.IdleTime(2) | String.IsEqual(Skin.String(InfoPopup.Delay),3) + System.IdleTime(3) | String.IsEqual(Skin.String(InfoPopup.Delay),4) + System.IdleTime(4) | String.IsEqual(Skin.String(InfoPopup.Delay),5) + System.IdleTime(5)] + [Container.Content(movies) | Container.Content(tvshows) | Container.Content(episodes) | Container.Content(sets)]</visible>
			</control>
			<control type="group" id="14000">
				<top>254</top>
				<left>300</left>
				<animation type="Visible" reversible="false">
					<effect type="zoom" start="80" end="100" center="960,540" delay="160" tween="back" time="240" />
					<effect type="fade" delay="160" end="100" time="240" />
				</animation>
				<visible>[String.IsEqual(Skin.String(InfoPopup.Delay),2) + System.IdleTime(2) | String.IsEqual(Skin.String(InfoPopup.Delay),3) + System.IdleTime(3) | String.IsEqual(Skin.String(InfoPopup.Delay),4) + System.IdleTime(4) | String.IsEqual(Skin.String(InfoPopup.Delay),5) + System.IdleTime(5)] + [Container.Content(movies) | Container.Content(tvshows) | Container.Content(episodes) | Container.Content(sets)]</visible>
				<control type="image">
					<top>2</top>
					<left>22</left>
					<width>1280</width>
					<height>568</height>
					<texture border="40">listpanel_back.png</texture>
				</control>
				<control type="image">
					<top>40</top>
					<left>382</left>
					<width>889</width>
					<height>90</height>
					<texture border="1">separator2.png</texture>
				</control>
				<control type="image">
					<top>180</top>
					<left>382</left>
					<width>889</width>
					<height>90</height>
					<texture border="1">separator2.png</texture>
					<animation effect="slide" end="0,-85" condition="Container.Content(tvshows)">Conditional</animation>
				</control>
				<control type="image">
					<top>363</top>
					<left>382</left>
					<width>889</width>
					<height>90</height>
					<texture border="1">separator2.png</texture>
					<visible>!ListItem.IsCollection</visible>
				</control>
				<control type="image">
					<top>40</top>
					<left>396</left>
					<width>210</width>
					<height>80</height>
					<aspectratio align="left" aligny="bottom">stretch</aspectratio>
					<texture background="true">$VAR[ArtworkLogoVar]</texture>
				</control>
				<control type="label">
					<top>40</top>
					<left>397</left>
					<width>865</width>
					<height>80</height>
					<font>font30_title_bold</font>
					<textcolor>grey</textcolor>
					<label>$INFO[ListItem.Label]</label>
					<scroll>true</scroll>
					<visible>[String.IsEmpty(ListItem.Art(clearlogo)) + !Container.Content(episodes)] | [String.IsEmpty(ListItem.Art(tvshow.clearlogo)) + Container.Content(episodes)]</visible>
				</control>
				<control type="group">
					<visible>Container.Content(movies) | Container.Content(sets) | Container.Content(episodes)</visible>
					<control type="grouplist">
						<top>130</top>
						<left>382</left>
						<width>900</width>
						<height>100</height>
						<orientation>vertical</orientation>
						<control type="grouplist">
							<visible>!ListItem.IsCollection</visible>
							<orientation>vertical</orientation>
							<control type="button">
								<width>889</width>
								<height>47.5</height>
								<font>font14</font>
								<textcolor>$VAR[ThemeLabelColor]</textcolor>
								<label>$LOCALIZE[20352]: [COLOR grey]$INFO[ListItem.Season,,x]$INFO[ListItem.Episode,,. ]$INFO[ListItem.Title][/COLOR]</label>
								<include>DefaultButtonsValues</include>
								<visible>!String.IsEmpty(ListItem.Title) + Container.Content(episodes)</visible>
							</control>
							<control type="button">
								<width>889</width>
								<height>47.5</height>
								<font>font14</font>
								<textcolor>$VAR[ThemeLabelColor]</textcolor>
								<label>$INFO[ListItem.Director,$LOCALIZE[20339]: [COLOR grey],[/COLOR]]</label>
								<include>DefaultButtonsValues</include>
								<visible>!String.IsEmpty(ListItem.Director)</visible>
							</control>
							<control type="button">
								<width>889</width>
								<height>47.5</height>
								<font>font14</font>
								<textcolor>$VAR[ThemeLabelColor]</textcolor>
								<label>$INFO[ListItem.Genre,$LOCALIZE[515]: [COLOR grey],[/COLOR]]</label>
								<include>DefaultButtonsValues</include>
								<visible>!String.IsEmpty(ListItem.Genre)</visible>
							</control>
						</control>
						<control type="group">
							<visible>ListItem.IsCollection</visible>
							<control type="button">
								<width>889</width>
								<height>47.5</height>
								<font>font14</font>
								<textcolor>$VAR[ThemeLabelColor]</textcolor>
								<label>$INFO[Window(home).Property(Set.Movies.Director),$LOCALIZE[20339]: [COLOR grey],[/COLOR]]</label>
								<include>DefaultButtonsValues</include>
							</control>
							<control type="button">
								<top>45</top>
								<width>889</width>
								<height>47.5</height>
								<font>font14</font>
								<textcolor>$VAR[ThemeLabelColor]</textcolor>
								<label>$INFO[Window(home).Property(Set.Movies.Genre),$LOCALIZE[515]: [COLOR grey],[/COLOR]]</label>
								<include>DefaultButtonsValues</include>
							</control>
						</control>
					</control>
					<control type="label">
						<top>223</top>
						<left>397</left>
						<width>889</width>
						<height>45</height>
						<font>font14</font>
						<textcolor>$VAR[ThemeLabelColor]</textcolor>
						<label>$INFO[ListItem.Rating,$LOCALIZE[31146]: [COLOR grey],[/COLOR]]$INFO[ListItem.Top250,[COLOR grey] / $LOCALIZE[13409] # ,[/COLOR]]$INFO[ListItem.Year,   $LOCALIZE[345]: [COLOR grey],[/COLOR]]$INFO[ListItem.Duration,   $LOCALIZE[2050]: [COLOR grey], $LOCALIZE[12391][/COLOR]]$INFO[Window(home).Property(Set.Movies.Runtime),   $LOCALIZE[2050]: [COLOR grey], $LOCALIZE[12391][/COLOR]]</label>
						<visible>!Container.Content(episodes)</visible>
					</control>
					<control type="label">
						<top>223</top>
						<left>397</left>
						<width>889</width>
						<height>45</height>
						<font>font14</font>
						<textcolor>$VAR[ThemeLabelColor]</textcolor>
						<label>$INFO[ListItem.RatingAndVotes,$LOCALIZE[31146]: [COLOR grey],[/COLOR] ]$INFO[ListItem.Duration,$LOCALIZE[2050]: [COLOR grey], $LOCALIZE[12391][/COLOR]]</label>
						<visible>Container.Content(episodes)</visible>
					</control>
				</control>
				<control type="grouplist">
					<top>133</top>
					<left>397</left>
					<width>855</width>
					<height>40</height>
					<itemgap>15</itemgap>
					<orientation>horizontal</orientation>
					<visible>Container.Content(tvshows)</visible>
					<control type="label">
						<width>auto</width>
						<font>font14</font>
						<textcolor>$VAR[ThemeLabelColor]</textcolor>
						<label>$LOCALIZE[31010]: [COLOR grey]$INFO[Window(Home).Property(NextAired.NextNumber)]$INFO[Window(Home).Property(NextAired.NextTitle), - ,]$INFO[Window(Home).Property(NextAired.NextDay), (,)][/COLOR]</label>
						<visible>[!String.IsEmpty(Window(Home).Property(NextAired.NextDate)) | !String.IsEmpty(Window(Home).Property(NextAired.NextTitle))]</visible>
					</control>
					<control type="label">
						<width>auto</width>
						<font>font14</font>
						<textcolor>$VAR[ThemeLabelColor]</textcolor>
						<label>$LOCALIZE[31011]: [COLOR grey]$INFO[Window(Home).Property(NextAired.LatestNumber)]$INFO[Window(Home).Property(NextAired.LatestTitle), - ,][/COLOR]</label>
						<visible>!String.IsEmpty(Window(Home).Property(NextAired.LatestNumber)) + String.IsEmpty(Window(Home).Property(NextAired.NextDate)) + String.IsEmpty(Window(Home).Property(NextAired.NextTitle))</visible>
					</control>
				</control>
				<control type="textbox">
					<top>273</top>
					<left>397</left>
					<width>870</width>
					<height>175</height>
					<font>font14_textbox2</font>
					<textcolor>grey</textcolor>
					<label>$VAR[VideoPlotVar]</label>
					<autoscroll delay="5000" time="4000" repeat="8000">Skin.HasSetting(Enable.AutoScroll)</autoscroll>
					<visible>!ListItem.IsCollection + !Container.Content(tvshows)</visible>
				</control>
				<control type="textbox">
					<top>273</top>
					<left>397</left>
					<width>870</width>
					<height>260</height>
					<font>font14_textbox2</font>
					<textcolor>grey</textcolor>
					<label>$VAR[VideoPlotVar]</label>
					<autoscroll delay="5000" time="4000" repeat="8000">Skin.HasSetting(Enable.AutoScroll)</autoscroll>
					<visible>ListItem.IsCollection</visible>
				</control>
				<control type="textbox">
					<top>188</top>
					<left>397</left>
					<width>870</width>
					<height>260</height>
					<font>font14_textbox2</font>
					<textcolor>grey</textcolor>
					<label>$VAR[VideoPlotVar]</label>
					<autoscroll delay="5000" time="4000" repeat="8000">Skin.HasSetting(Enable.AutoScroll)</autoscroll>
					<visible>Container.Content(tvshows)</visible>
				</control>
				<control type="grouplist">
					<top>457</top>
					<left>397</left>
					<width>889</width>
					<height>90</height>
					<itemgap>20</itemgap>
					<orientation>horizontal</orientation>
					<visible>Container.Content(movies) | Container.Content(episodes)</visible>
					<control type="image">
						<width>127</width>
						<colordiffuse>grey</colordiffuse>
						<include>MediaFlagValues</include>
						<texture>$VAR[MediaFlagsPathVar]/resolution/$INFO[ListItem.VideoResolution,,.png]</texture>
						<visible>!String.IsEmpty(ListItem.VideoResolution)</visible>
					</control>
					<control type="image">
						<width>127</width>
						<colordiffuse>grey</colordiffuse>
						<include>MediaFlagValues</include>
						<texture>$VAR[MediaFlagsPathVar]/videocodec/$VAR[SourceFlagVar]</texture>
						<visible>!String.IsEmpty(ListItem.VideoCodec)</visible>
					</control>
					<control type="image">
						<width>127</width>
						<colordiffuse>grey</colordiffuse>
						<include>MediaFlagValues</include>
						<texture>$VAR[MediaFlagsPathVar]/aspectratio/$INFO[ListItem.VideoAspect,,.png]</texture>
						<visible>!String.IsEmpty(ListItem.VideoAspect)</visible>
					</control>
					<control type="image">
						<width>127</width>
						<colordiffuse>grey</colordiffuse>
						<include>MediaFlagValues</include>
						<texture>$VAR[MediaFlagsPathVar]/audiocodec/$INFO[ListItem.AudioCodec,,.png]</texture>
						<visible>!String.IsEmpty(ListItem.AudioCodec)</visible>
					</control>
					<control type="image">
						<width>127</width>
						<colordiffuse>grey</colordiffuse>
						<include>MediaFlagValues</include>
						<texture>$VAR[MediaFlagsPathVar]/audiochannels/$INFO[ListItem.AudioChannels,,.png]</texture>
						<visible>!String.IsEmpty(ListItem.AudioChannels)</visible>
					</control>
					<control type="image">
						<width>127</width>
						<colordiffuse>grey</colordiffuse>
						<include>MediaFlagValues</include>
						<texture>$VAR[MediaFlagsPathVar]/cc.png</texture>
						<visible>!String.IsEmpty(ListItem.SubtitleLanguage)</visible>
					</control>
				</control>
				<control type="grouplist">
					<top>450</top>
					<left>397</left>
					<width>889</width>
					<height>90</height>
					<itemgap>20</itemgap>
					<orientation>horizontal</orientation>
					<visible>Container.Content(tvshows)</visible>
					<control type="group">
						<top>446</top>
						<left>397</left>
						<width>120</width>
						<height>90</height>
						<visible>Container.Content(tvshows)</visible>
						<control type="image" id="9900$PARAM[StudioLabelID]">
							<width>120</width>
							<colordiffuse>grey</colordiffuse>
							<include>MediaFlagValues</include>
							<texture>$VAR[PathFlagsStudios]$INFO[ListItem.Studio,,.png]</texture>
							<visible>!String.IsEmpty(ListItem.Studio)</visible>
						</control>
						<control type="label">
							<width>120</width>
							<align>center</align>
							<font>font10</font>
							<textcolor>white</textcolor>
							<label>$INFO[ListItem.Studio]</label>
							<visible>String.IsEmpty(Control.GetLabel(9900$PARAM[StudioLabelID]))</visible>
						</control>
					</control>
					<control type="image">
						<width>120</width>
						<colordiffuse>grey</colordiffuse>
						<include>MediaFlagValues</include>
						<texture fallback="flags/default/mpaa/NR.png">$VAR[RatingFlagVar]</texture>
						<visible>!Skin.HasSetting(coloredflags)</visible>
					</control>
					<control type="image">
						<width>120</width>
						<colordiffuse>grey</colordiffuse>
						<include>MediaFlagValues</include>
						<texture fallback="flags/colored/mpaa/NR.png">$VAR[ColoredRatingFlagVar]</texture>
						<visible>Skin.HasSetting(coloredflags)</visible>
					</control>
					<control type="group">
						<visible>Container.Content(tvshows) + !String.IsEmpty(ListItem.Property(TotalSeasons))</visible>
						<width>177</width>
						<control type="label">
							<top>2</top>
							<width>177</width>
							<height>60</height>
							<align>center</align>
							<label>$INFO[ListItem.Property(TotalSeasons)]</label>
							<font>font48_bold</font>
							<wrapmultiline>true</wrapmultiline>
							<textcolor>grey</textcolor>
						</control>
						<control type="label">
							<top>52</top>
							<width>177</width>
							<height>30</height>
							<align>center</align>
							<label>[LOWERCASE]$VAR[OneOrMoreSeasonsVar][/LOWERCASE]</label>
							<font>font12</font>
							<textcolor>grey</textcolor>
						</control>
					</control>
					<control type="group">
						<visible>Container.Content(tvshows) + !String.IsEmpty(ListItem.Property(TotalEpisodes))</visible>
						<width>177</width>
						<control type="label">
							<top>2</top>
							<width>177</width>
							<height>60</height>
							<align>center</align>
							<label>$INFO[ListItem.Property(TotalEpisodes)]</label>
							<font>font48_bold</font>
							<wrapmultiline>true</wrapmultiline>
							<textcolor>grey</textcolor>
						</control>
						<control type="label">
							<top>52</top>
							<width>177</width>
							<height>30</height>
							<align>center</align>
							<label>[LOWERCASE]$VAR[OneOrMoreEpisodesVar][/LOWERCASE]</label>
							<font>font12</font>
							<textcolor>grey</textcolor>
						</control>
					</control>
					<control type="group">
						<visible>Container.Content(tvshows) + !String.IsEmpty(ListItem.Property(UnWatchedEpisodes))</visible>
						<width>177</width>
						<control type="label">
							<top>2</top>
							<width>177</width>
							<height>60</height>
							<align>center</align>
							<label>$INFO[ListItem.Property(UnWatchedEpisodes)]</label>
							<font>font48_bold</font>
							<wrapmultiline>true</wrapmultiline>
							<textcolor>grey</textcolor>
						</control>
						<control type="label">
							<top>52</top>
							<width>177</width>
							<height>30</height>
							<align>center</align>
							<label>[LOWERCASE]$LOCALIZE[16101][/LOWERCASE]</label>
							<font>font12</font>
							<textcolor>grey</textcolor>
						</control>
					</control>
				</control>
				<control type="image">
					<top>36</top>
					<left>54</left>
					<width>334</width>
					<height>501</height>
					<texture background="true" fallback="">$VAR[PosterThumbVar]</texture>
				</control>
			</control>
		</definition>
	</include>
	<!-- Custom Select -->
	<include name="SelectSearch">
		<item>
			<label>Your local library</label>
			<onclick>Dialog.Close(1129)</onclick>
			<onclick condition="System.hasAddon(script.globalsearch)">RunScript(script.globalsearch)</onclick>
			<onclick condition="!System.hasAddon(script.globalsearch)">InstallAddon(script.globalsearch)</onclick>
		</item>
		<item>
			<label>YouTube</label>
			<onclick>Dialog.Close(1129)</onclick>
			<onclick condition="System.hasAddon(plugin.video.youtube)">ActivateWindow(videos,plugin://plugin.video.youtube/kodion/search/input/,return)</onclick>
			<onclick condition="!System.hasAddon(plugin.video.youtube)">InstallAddon(plugin.video.youtube)</onclick>
		</item>
		<item>
			<label>TheMovieDB</label>
			<onclick>Dialog.Close(1129)</onclick>
			<onclick condition="System.hasAddon(script.extendedinfo)">RunScript(script.extendedinfo,info=moviedbbrowser,search=True)</onclick>
			<onclick condition="!System.hasAddon(script.extendedinfo)">InstallAddon(script.extendedinfo)</onclick>
		</item>
	</include>
	<include name="SelectActorName">
		<item>
			<label>$LOCALIZE[31148]</label>
			<onclick>Dialog.Close(1129)</onclick>
			<onclick>SetProperty(DoAction,True,movieinformation)</onclick>
		</item>
		<item>
			<label>$LOCALIZE[31149]</label>
			<onclick>Dialog.Close(1129)</onclick>
			<onclick>ClearProperty(ActorID,movieinformation)</onclick>
			<onclick>ClearProperty(DirectorID,movieinformation)</onclick>
			<onclick>RunScript(script.extendedinfo,info=extendedactorinfo,name=$INFO[Window(movieinformation).Property(ActorName)])</onclick>
			<onclick>ClearProperty(ActorName,movieinformation)</onclick>
		</item>
	</include>
	<include name="SelectMainMenuLayout">
		<item>
			<label>5 $LOCALIZE[31025]</label>
			<onclick>Dialog.Close(1129)</onclick>
			<onclick>Skin.Reset(MainMenu.Layout)</onclick>
		</item>
		<item>
			<label>3 $LOCALIZE[31025]</label>
			<onclick>Dialog.Close(1129)</onclick>
			<onclick>Skin.SetString(MainMenu.Layout,3)</onclick>
		</item>
		<item>
			<label>1 $LOCALIZE[31025]</label>
			<onclick>Dialog.Close(1129)</onclick>
			<onclick>Skin.SetString(MainMenu.Layout,1)</onclick>
		</item>
		<item>
			<label>$LOCALIZE[536]</label>
			<onclick>Dialog.Close(1129)</onclick>
			<onclick>Skin.SetString(MainMenu.Layout,10)</onclick>
		</item>
		<item>
			<label>$LOCALIZE[31994]</label>
			<onclick>Dialog.Close(1129)</onclick>
			<onclick>Skin.SetString(MainMenu.Layout,15)</onclick>
		</item>
	</include>
	<include name="SelectFanartTimePerImage">
		<item>
			<label>5 $LOCALIZE[31090]</label>
			<onclick>Dialog.Close(1129)</onclick>
			<onclick>Skin.SetString(FanartTimePerImage,5)</onclick>
		</item>
		<item>
			<label>6 $LOCALIZE[31090]</label>
			<onclick>Dialog.Close(1129)</onclick>
			<onclick>Skin.SetString(FanartTimePerImage,6)</onclick>
		</item>
		<item>
			<label>7 $LOCALIZE[31090]</label>
			<onclick>Dialog.Close(1129)</onclick>
			<onclick>Skin.Reset(FanartTimePerImage)</onclick>
		</item>
		<item>
			<label>8 $LOCALIZE[31090]</label>
			<onclick>Dialog.Close(1129)</onclick>
			<onclick>Skin.SetString(FanartTimePerImage,8)</onclick>
		</item>
		<item>
			<label>9 $LOCALIZE[31090]</label>
			<onclick>Dialog.Close(1129)</onclick>
			<onclick>Skin.SetString(FanartTimePerImage,9)</onclick>
		</item>
		<item>
			<label>10 $LOCALIZE[31090]</label>
			<onclick>Dialog.Close(1129)</onclick>
			<onclick>Skin.SetString(FanartTimePerImage,10)</onclick>
		</item>
		<item>
			<label>15 $LOCALIZE[31090]</label>
			<onclick>Dialog.Close(1129)</onclick>
			<onclick>Skin.SetString(FanartTimePerImage,15)</onclick>
		</item>
		<item>
			<label>20 $LOCALIZE[31090]</label>
			<onclick>Dialog.Close(1129)</onclick>
			<onclick>Skin.SetString(FanartTimePerImage,20)</onclick>
		</item>
		<item>
			<label>30 $LOCALIZE[31090]</label>
			<onclick>Dialog.Close(1129)</onclick>
			<onclick>Skin.SetString(FanartTimePerImage,30)</onclick>
		</item>
		<item>
			<label>60 $LOCALIZE[31090]</label>
			<onclick>Dialog.Close(1129)</onclick>
			<onclick>Skin.SetString(FanartTimePerImage,60)</onclick>
		</item>
		<item>
			<label>90 $LOCALIZE[31090]</label>
			<onclick>Dialog.Close(1129)</onclick>
			<onclick>Skin.SetString(FanartTimePerImage,90)</onclick>
		</item>
	</include>
	<include name="SelectWidgetOpacity">
		<item>
			<label>100%</label>
			<onclick>Dialog.Close(1129)</onclick>
			<onclick>Skin.Reset(Widget.Trans)</onclick>
		</item>
		<item>
			<label>95%</label>
			<onclick>Dialog.Close(1129)</onclick>
			<onclick>Skin.SetString(Widget.Trans,95)</onclick>
		</item>
		<item>
			<label>90%</label>
			<onclick>Dialog.Close(1129)</onclick>
			<onclick>Skin.SetString(Widget.Trans,90)</onclick>
		</item>
		<item>
			<label>85%</label>
			<onclick>Dialog.Close(1129)</onclick>
			<onclick>Skin.SetString(Widget.Trans,85)</onclick>
		</item>
		<item>
			<label>80%</label>
			<onclick>Dialog.Close(1129)</onclick>
			<onclick>Skin.SetString(Widget.Trans,80)</onclick>
		</item>
		<item>
			<label>75%</label>
			<onclick>Dialog.Close(1129)</onclick>
			<onclick>Skin.SetString(Widget.Trans,75)</onclick>
		</item>
		<item>
			<label>70%</label>
			<onclick>Dialog.Close(1129)</onclick>
			<onclick>Skin.SetString(Widget.Trans,70)</onclick>
		</item>
		<item>
			<label>65%</label>
			<onclick>Dialog.Close(1129)</onclick>
			<onclick>Skin.SetString(Widget.Trans,65)</onclick>
		</item>
		<item>
			<label>60%</label>
			<onclick>Dialog.Close(1129)</onclick>
			<onclick>Skin.SetString(Widget.Trans,60)</onclick>
		</item>
		<item>
			<label>55%</label>
			<onclick>Dialog.Close(1129)</onclick>
			<onclick>Skin.SetString(Widget.Trans,55)</onclick>
		</item>
		<item>
			<label>50%</label>
			<onclick>Dialog.Close(1129)</onclick>
			<onclick>Skin.SetString(Widget.Trans,50)</onclick>
		</item>
	</include>
	<include name="SelectWidgetBack">
		<item>
			<label>$LOCALIZE[571]</label>
			<onclick>Dialog.Close(1129)</onclick>
			<onclick>Skin.Reset(Widget.Back)</onclick>
		</item>
		<item>
			<label>$LOCALIZE[31723]</label>
			<onclick>Dialog.Close(1129)</onclick>
			<onclick>Skin.SetString(Widget.Back,Flat)</onclick>
		</item>
		<item>
			<label>$LOCALIZE[192]</label>
			<onclick>Dialog.Close(1129)</onclick>
			<onclick>Skin.SetString(Widget.Back,Clear)</onclick>
		</item>
		<item>
			<label>$LOCALIZE[31724]</label>
			<onclick>Dialog.Close(1129)</onclick>
			<onclick>Skin.SetString(Widget.Back,Clear White)</onclick>
		</item>
		<item>
			<label>$LOCALIZE[31725]</label>
			<onclick>Dialog.Close(1129)</onclick>
			<onclick>Skin.SetString(Widget.Back,Colored Default)</onclick>
		</item>
		<item>
			<label>$LOCALIZE[31726]</label>
			<onclick>Dialog.Close(1129)</onclick>
			<onclick>Skin.SetString(Widget.Back,Colored Flat)</onclick>
		</item>
		<item>
			<label>$LOCALIZE[31727]</label>
			<onclick>Dialog.Close(1129)</onclick>
			<onclick>Skin.SetString(Widget.Back,Colored Clear)</onclick>
		</item>
		<item>
			<label>$LOCALIZE[31728]</label>
			<onclick>Dialog.Close(1129)</onclick>
			<onclick>Skin.SetString(Widget.Back,Colored Clear White)</onclick>
		</item>
		<item>
			<label>$LOCALIZE[231]</label>
			<onclick>Dialog.Close(1129)</onclick>
			<onclick>Skin.SetString(Widget.Back,)</onclick>
		</item>
	</include>
	<include name="SelectWidgetCaseInfo">
		<item>
			<label>$LOCALIZE[231]</label>
			<onclick>Dialog.Close(1129)</onclick>
			<onclick>Skin.Reset(Widget.CaseInfo)</onclick>
		</item>
		<item>
			<label>$LOCALIZE[31721]</label>
			<onclick>Dialog.Close(1129)</onclick>
			<onclick>Skin.SetString(Widget.CaseInfo,Glass)</onclick>
		</item>
		<item>
			<label>$LOCALIZE[31707]</label>
			<onclick>Dialog.Close(1129)</onclick>
			<onclick>Skin.SetString(Widget.CaseInfo,Case)</onclick>
		</item>
		<item>
			<label>$LOCALIZE[31722]</label>
			<onclick>Dialog.Close(1129)</onclick>
			<onclick>Skin.SetString(Widget.CaseInfo,Clear Case)</onclick>
		</item>
		<item>
			<label>$LOCALIZE[31746]</label>
			<onclick>Dialog.Close(1129)</onclick>
			<onclick>Skin.SetString(Widget.CaseInfo,Match widget panel)</onclick>
		</item>
	</include>
	<include name="SelectMyFlixDimmer">
		<item>
			<label>100%</label>
			<onclick>Dialog.Close(1129)</onclick>
			<onclick>Skin.SetString(MyFlix.Dimmer,100%)</onclick>
		</item>
		<item>
			<label>90%</label>
			<onclick>Dialog.Close(1129)</onclick>
			<onclick>Skin.SetString(MyFlix.Dimmer,90%)</onclick>
		</item>
		<item>
			<label>80%</label>
			<onclick>Dialog.Close(1129)</onclick>
			<onclick>Skin.SetString(MyFlix.Dimmer,80%)</onclick>
		</item>
		<item>
			<label>70%</label>
			<onclick>Dialog.Close(1129)</onclick>
			<onclick>Skin.SetString(MyFlix.Dimmer,70%)</onclick>
		</item>
		<item>
			<label>60% - $LOCALIZE[571]</label>
			<onclick>Dialog.Close(1129)</onclick>
			<onclick>Skin.Reset(MyFlix.Dimmer)</onclick>
		</item>
		<item>
			<label>50%</label>
			<onclick>Dialog.Close(1129)</onclick>
			<onclick>Skin.SetString(MyFlix.Dimmer,50%)</onclick>
		</item>
		<item>
			<label>40%</label>
			<onclick>Dialog.Close(1129)</onclick>
			<onclick>Skin.SetString(MyFlix.Dimmer,40%)</onclick>
		</item>
		<item>
			<label>30%</label>
			<onclick>Dialog.Close(1129)</onclick>
			<onclick>Skin.SetString(MyFlix.Dimmer,30%)</onclick>
		</item>
		<item>
			<label>20%</label>
			<onclick>Dialog.Close(1129)</onclick>
			<onclick>Skin.SetString(MyFlix.Dimmer,20%)</onclick>
		</item>
		<item>
			<label>10%</label>
			<onclick>Dialog.Close(1129)</onclick>
			<onclick>Skin.SetString(MyFlix.Dimmer,10%)</onclick>
		</item>
		<item>
			<label>0%</label>
			<onclick>Dialog.Close(1129)</onclick>
			<onclick>Skin.SetString(MyFlix.Dimmer,0%)</onclick>
		</item>
	</include>
	<include name="SelectDefaultBackground">
		<item>
			<label>$LOCALIZE[10035]</label>
			<onclick>Dialog.Close(1129)</onclick>
			<onclick>Skin.Reset(CustomDefaultBackground.path)</onclick>
		</item>
		<item>
			<label>Single image</label>
			<onclick>Dialog.Close(1129)</onclick>
			<onclick>Skin.SetImage(CustomDefaultBackground.path,special://skin/backgrounds)</onclick>
		</item>
		<item>
			<label>Multi image</label>
			<onclick>Dialog.Close(1129)</onclick>
			<onclick>Skin.SetPath(CustomDefaultBackground.path)</onclick>
		</item>
		<!-- <item>
			<label>Fanart pack</label>
			<onclick>Dialog.Close(1129)</onclick>
			<onclick condition="System.HasAddon(script.image.resource.select)">RunScript(script.image.resource.select,property=CustomDefaultBackground&amp;type=resource.images.skinbackgrounds)</onclick>
			<onclick condition="!System.HasAddon(script.image.resource.select)">InstallAddon(script.image.resource.select)</onclick>
		</item> -->
	</include>
	<include name="SelectMusicVizBackground">
		<item>
			<label>$LOCALIZE[20445]</label>
			<onclick>Dialog.Close(1129)</onclick>
			<onclick>Skin.Reset(Viz.Background)</onclick>
		</item>
		<item>
			<label>$LOCALIZE[31068]</label>
			<onclick>Dialog.Close(1129)</onclick>
			<onclick>Skin.SetString(Viz.Background,1)</onclick>
		</item>
		<item>
			<label>$LOCALIZE[31065]</label>
			<onclick>Dialog.Close(1129)</onclick>
			<onclick>Skin.SetString(Viz.Background,2)</onclick>
		</item>
		<item>
			<label fallback="31059">$INFO[System.AddonTitle(script.artistslideshow)]</label>
			<onclick>Dialog.Close(1129)</onclick>
			<onclick>Skin.SetString(Viz.Background,3)</onclick>
		</item>
		<item>
			<label>$LOCALIZE[31002]</label>
			<onclick>Dialog.Close(1129)</onclick>
			<onclick condition="System.HasAddon(script.toolbox)">Skin.SetString(Viz.Background,4)</onclick>
			<onclick condition="!System.HasAddon(script.toolbox)">InstallAddon(script.toolbox)</onclick>
		</item>
	</include>
</includes>