<?xml version="1.0" encoding="UTF-8"?>
<window>
	<defaultcontrol always="true">7</defaultcontrol>
	<coordinates>
		<system>1</system>
		<left>399</left>
		<top>165</top>
	</coordinates>
	<include>DialogOpenCloseAnimation</include>
	<controls>
		<control type="group">
			<control type="image">
				<description>background image</description>
				<width>1122</width>
				<height>750</height>
				<texture border="40">dialogs/default/bg.png</texture>
			</control>
			<control type="label" id="2">
				<description>header label</description>
				<left>30</left>
				<top>32</top>
				<width>1062</width>
				<height>40</height>
				<font>font14_title</font>
				<label>19047</label>
				<align>center</align>
				<textcolor>dialogheader</textcolor>
			</control>
			<control type="image">
				<left>30</left>
				<top>86</top>
				<width>740</width>
				<height>632</height>
				<texture border="5">dialogs/default/inner.png</texture>
			</control>
			<control type="group">
				<control type="panel" id="9002">
					<left>31</left>
					<top>88</top>
					<width>738</width>
					<height>540</height>
					<onup>noop</onup>
					<ondown>noop</ondown>
					<onleft>noop</onleft>
					<onright>noop</onright>
					<pagecontrol />
					<scrolltime tween="quadratic" easing="out">200</scrolltime>
					<itemlayout height="90" width="738">
						<control type="image">
							<top>30</top>
							<width>738</width>
							<height>60</height>
							<texture border="1">separator2.png</texture>
						</control>
						<control type="label">
							<top>45</top>
							<width>738</width>
							<height>38</height>
							<font>font14</font>
							<textcolor>grey</textcolor>
							<selectedcolor>$VAR[ThemeLabelColor]</selectedcolor>
							<label>$INFO[ListItem.Label]</label>
							<textoffsetx>15</textoffsetx>
						</control>
						<control type="label">
							<width>738</width>
							<height>45</height>
							<font>font14</font>
							<textcolor>$VAR[ThemeLabelColor]</textcolor>
							<selectedcolor>$VAR[ThemeLabelColor]</selectedcolor>
							<label>$INFO[ListItem.Label2]</label>
							<textoffsetx>15</textoffsetx>
						</control>
					</itemlayout>
					<focusedlayout height="90" width="738">
						<control type="image">
							<top>30</top>
							<width>738</width>
							<height>60</height>
							<texture border="1">separator2.png</texture>
						</control>
						<control type="image">
							<width>738</width>
							<height>90</height>
							<texture colordiffuse="$VAR[HighlightBarColor]" border="4">listselect_fo.png</texture>
							<visible>Control.HasFocus(9002)</visible>
							<include>VisibleFadeAnimation</include>
						</control>
						<control type="label">
							<top>45</top>
							<width>738</width>
							<height>38</height>
							<font>font14</font>
							<textcolor>white</textcolor>
							<selectedcolor>$VAR[ThemeLabelColor]</selectedcolor>
							<label>$INFO[ListItem.Label]</label>
							<animation effect="fade" start="100" end="70" time="300" tween="sine" easing="inout" condition="!Control.HasFocus(9002)">Conditional</animation>
							<textoffsetx>15</textoffsetx>
						</control>
						<control type="label">
							<width>738</width>
							<height>45</height>
							<font>font14</font>
							<textcolor>white</textcolor>
							<selectedcolor>$VAR[ThemeLabelColor]</selectedcolor>
							<label>$INFO[ListItem.Label2]</label>
							<animation effect="fade" start="100" end="70" time="300" tween="sine" easing="inout" condition="!Control.HasFocus(9002)">Conditional</animation>
							<textoffsetx>15</textoffsetx>
						</control>
					</focusedlayout>
					<content>
						<item>
							<label>$INFO[ListItem.Title]</label>
							<label2>$LOCALIZE[369]:</label2>
							<onclick>noop</onclick>
						</item>
						<item>
							<label>$INFO[ListItem.StartTime] - $INFO[ListItem.EndTime] ($INFO[ListItem.StartDate])</label>
							<label2>$LOCALIZE[142]</label2>
							<onclick>noop</onclick>
							<visible>!String.IsEmpty(ListItem.StartTime)</visible>
						</item>
						<item>
							<label>$INFO[ListItem.Duration]</label>
							<label2>$LOCALIZE[180]:</label2>
							<onclick>noop</onclick>
							<visible>!String.IsEmpty(ListItem.Duration)</visible>
						</item>
						<item>
							<label>$INFO[ListItem.Genre]</label>
							<label2>$LOCALIZE[515]:</label2>
							<onclick>noop</onclick>
							<visible>!String.IsEmpty(ListItem.Genre)</visible>
						</item>
					</content>
				</control>
				<control type="textbox" id="400">
					<description>Plot value</description>
					<left>46</left>
					<top>470</top>
					<width>708</width>
					<height>242</height>
					<font>font14_textbox</font>
					<align>justify</align>
					<textcolor>grey</textcolor>
					<shadowcolor>shadow</shadowcolor>
					<pagecontrol>60</pagecontrol>
					<autoscroll time="3000" delay="4000" repeat="5000">Skin.HasSetting(Enable.AutoScroll) + !Control.HasFocus(60)</autoscroll>
					<label fallback="161">$INFO[ListItem.Plot]</label>
				</control>
				<control type="scrollbar" id="60">
					<left>770</left>
					<top>470</top>
					<height>240</height>
					<width>8</width>
					<onup>PageUp(400)</onup>
					<ondown>PageUp(400)</ondown>
					<onleft>9001</onleft>
					<onright>9001</onright>
					<texturesliderbackground />
					<texturesliderbar colordiffuse="55ffffff" border="1">scrollbar/texturesliderbar2.png</texturesliderbar>
					<texturesliderbarfocus border="1">scrollbar/texturesliderbar2.png</texturesliderbarfocus>
					<showonepage>false</showonepage>
					<orientation>vertical</orientation>
				</control>
				<!-- right group -->
				<control type="group">
					<left>782</left>
					<top>88</top>
					<control type="image">
						<left>-1</left>
						<top>-2</top>
						<width>312</width>
						<height>632</height>
						<texture border="5">dialogs/default/inner.png</texture>
					</control>
					<control type="grouplist" id="9001">
						<onup>9001</onup>
						<onleft>60</onleft>
						<onright>60</onright>
						<ondown>9001</ondown>
						<control type="image">
							<width>310</width>
							<height>332</height>
							<aspectratio aligny="top">keep</aspectratio>
							<texture background="true">$INFO[ListItem.Icon]</texture>
							<bordertexture border="5">dialogs/default/inner.png</bordertexture>
							<bordersize>1</bordersize>
						</control>
						<control type="button" id="5">
							<description>Switch to Channel</description>
							<width>310</width>
							<label>19165</label>
						</control>
						<control type="button" id="6">
							<description>Record</description>
							<width>310</width>
							<label />
						</control>
						<control type="button" id="9">
							<description>Timer</description>
							<width>310</width>
							<label>19061</label>
						</control>
						<control type="button" id="8">
							<description>Play recording</description>
							<width>310</width>
							<label>19687</label>
						</control>
						<control type="button" id="7">
							<description>OK</description>
							<width>310</width>
							<label>186</label>
						</control>
					</control>
				</control>
			</control>
		</control>
	</controls>
</window>