<?xml version="1.0" encoding="UTF-8" standalone="yes"?>
<addon id="plugin.video.xtream-codes1" name="EPTV Preview" version="4.6" provider-name="Biglad+MikkM">
  <requires>
    <import addon="xbmc.python" version="2.1.0"/>
	<import addon="script.module.addon.common" />
  </requires>
  <extension point="xbmc.python.pluginsource" library="init.py">
        <provides>video executable</provides>
  </extension>
  <extension point="xbmc.addon.metadata">
    <summary lang="en">VistaTV IPTV Master</summary>
    <website>http://vistatv.online</website>
    <description lang="en">VistaTV IPTV Master</description>
    <forum>http://vistatv.online</forum>
    <email>NONE@NONE.com</email>
    <disclaimer lang="en">VISTA TV</disclaimer>
    <platform>all</platform>
  </extension>
</addon>
