<?xml version="1.0" encoding="UTF-8" standalone="yes"?>
<addon id="script.vista.exit"
  name="EyePeaTV Exit"
  version="1.9" 
  provider-name="Vista TV">
  <requires>
    <import addon="xbmc.python" version="2.1.0"/>
  </requires>
  <extension point="xbmc.python.script" library="addon.py">
    <provides>executable</provides>
  </extension>
  <extension point="xbmc.addon.metadata">
    <platform>all</platform>
    <summary lang="en">VistaTV Menu System</summary>
    <description lang="en">VistaTV Menu System</description>
	<disclaimer>VistaTV Menu System</disclaimer>
  </extension>
</addon>
