<?xml version="1.0" encoding="UTF-8"?>


<template>
	
	<other include="widget">
		<!-- Match our custom widgets with a widgetType of media, or a node with mediaType of movies or tvshows -->
		<condition tag="property" attribute="name|widgetTarget"></condition>
		<match>all</match>

		<!-- For nodes, set the content property to the value of widgetPath -->
		
		<property name="target" tag="property" attribute="name|widgetTarget" />
        <property name="submenuVisibility" tag="property" attribute="name|submenuVisibility" />
        <property name="widgetstyle" tag="property" attribute="name|widgetstyle" value="poster">widget_layout_poster</property>
        <property name="widgetstyle" tag="property" attribute="name|widgetstyle" value="landscape">widget_layout_landscape</property>
        <property name="widgetstyle" tag="property" attribute="name|widgetstyle" value="landscapesmall">widget_layout_landscapesmall</property>
        <property name="widgetstyle" tag="property" attribute="name|widgetstyle" value="single box">widget_layout_singlebox</property>
        <property name="widgetstyle" tag="property" attribute="name|widgetstyle" value="wide box">widget_layout_widebox</property>
        <property name="widgetstyle" tag="property" attribute="name|widgetstyle" value="small poster">widget_layout_small_poster</property>
        <property name="widgetstyle" tag="property" attribute="name|widgetstyle" value="square">widget_layout_square</property>
        <property name="widgetstyle" tag="property" attribute="name|widgetstyle" value="minisquare">widget_layout_minisquare</property>
        <property name="widgetstyle" tag="property" attribute="name|widgetstyle" value="banner">widget_layout_banner</property>
        <property name="content" tag="property" attribute="name|widgetForceRefresh" value="refresh">$VAR[widget510]</property>
        <property name="content" tag="property" attribute="name|widgetPath" />
        <property name="widgetstyle">widgetlayout</property>
        <property name="widgetLabelVisibility" tag="property" attribute="name|widgetTags" value="enable">WidgetTagOverlayEnable</property>
        <property name="widgetLabelVisibility" tag="property" attribute="name|widgetTags" value="disable">WidgetTagOverlayDisable</property>
        <property name="widgetLabelVisibility">WidgetTagOverlayAuto</property>

		<controls>
            <control type="label" id="600">
                <label>widget-0</label>
                <width>1</width>
                <heigth>1</heigth>
                <posx>-1</posx>
                <posy>-1</posy>
                <skinshortcuts>visibility</skinshortcuts>
                <visible>Skin.String(widgetvalue-$SKINSHORTCUTS[submenuVisibility],0) | !Skin.String(widgetvalue-$SKINSHORTCUTS[submenuVisibility])</visible>
            </control>
			<control type="panel" id="510">
				<skinshortcuts>visibility</skinshortcuts>
                <visible>Skin.String(widgetvalue-$SKINSHORTCUTS[submenuVisibility],0) | !Skin.String(widgetvalue-$SKINSHORTCUTS[submenuVisibility])</visible>
                <include name="EnhancedHomeWidgetLayout" content="EnhancedHomeWidgetLayout" condition="Skin.String(HomeLayout, enhanced)">
                    <param name="widgetid" value="510" />
                    <param name="widgetLabelVisibility" value="$SKINSHORTCUTS[widgetLabelVisibility]" />
                </include>
                <include name="$SKINSHORTCUTS[widgetstyle]" content="$SKINSHORTCUTS[widgetstyle]" condition="!Skin.String(HomeLayout, enhanced)">
                    <param name="widgetid" value="510" />
                    <param name="widgetLabelVisibility" value="$SKINSHORTCUTS[widgetLabelVisibility]" />
                </include>
				<content target="$SKINSHORTCUTS[target]">$SKINSHORTCUTS[content]</content>
			</control>
		</controls>
	</other>
	
	<other include="widget.1">
		<!-- Match our custom widgets with a widgetType of media, or a node with mediaType of movies or tvshows -->
		<condition tag="property" attribute="name|widgetTarget.1"></condition>
		<match>all</match>
		<!-- For nodes, set the content property to the value of widgetPath -->
		<property name="target" tag="property" attribute="name|widgetTarget.1" />
        <property name="submenuVisibility" tag="property" attribute="name|submenuVisibility" />
        <property name="widgetstyle" tag="property" attribute="name|widgetstyle.1" value="poster">widget_layout_poster</property>
        <property name="widgetstyle" tag="property" attribute="name|widgetstyle.1" value="landscape">widget_layout_landscape</property>
        <property name="widgetstyle" tag="property" attribute="name|widgetstyle.1" value="landscapesmall">widget_layout_landscapesmall</property>
        <property name="widgetstyle" tag="property" attribute="name|widgetstyle.1" value="single box">widget_layout_singlebox</property>
        <property name="widgetstyle" tag="property" attribute="name|widgetstyle.1" value="wide box">widget_layout_widebox</property>
        <property name="widgetstyle" tag="property" attribute="name|widgetstyle.1" value="small poster">widget_layout_small_poster</property>
        <property name="widgetstyle" tag="property" attribute="name|widgetstyle.1" value="square">widget_layout_square</property>
        <property name="widgetstyle" tag="property" attribute="name|widgetstyle.1" value="minisquare">widget_layout_minisquare</property>
        <property name="widgetstyle" tag="property" attribute="name|widgetstyle.1" value="banner">widget_layout_banner</property>
        <property name="content" tag="property" attribute="name|widgetForceRefresh.1" value="refresh">$VAR[widget520]</property>
        <property name="content" tag="property" attribute="name|widgetPath.1" />
        <property name="widgetstyle">widgetlayout</property>
        <property name="widgetLabelVisibility" tag="property" attribute="name|widgetTags.1" value="enable">WidgetTagOverlayEnable</property>
        <property name="widgetLabelVisibility" tag="property" attribute="name|widgetTags.1" value="disable">WidgetTagOverlayDisable</property>
        <property name="widgetLabelVisibility">WidgetTagOverlayAuto</property>

		<controls>
            <control type="label" id="600">
                <label>widget-1</label>
                <width>1</width>
                <heigth>1</heigth>
                <posx>-1</posx>
                <posy>-1</posy>
                <skinshortcuts>visibility</skinshortcuts>
                <visible>Skin.String(widgetvalue-$SKINSHORTCUTS[submenuVisibility],1)</visible>
            </control>
			<control type="panel" id="520">
				<skinshortcuts>visibility</skinshortcuts>
				<visible>Skin.String(widgetvalue-$SKINSHORTCUTS[submenuVisibility],1)</visible>
				<include name="EnhancedHomeWidgetLayout" content="EnhancedHomeWidgetLayout" condition="Skin.String(HomeLayout, enhanced)">
                    <param name="widgetid" value="520" />
                    <param name="widgetLabelVisibility" value="$SKINSHORTCUTS[widgetLabelVisibility]" />
                </include>
                <include name="$SKINSHORTCUTS[widgetstyle]" content="$SKINSHORTCUTS[widgetstyle]" condition="!Skin.String(HomeLayout, enhanced)">
                    <param name="widgetid" value="520" />
                    <param name="widgetLabelVisibility" value="$SKINSHORTCUTS[widgetLabelVisibility]" />
                </include>
				<content target="$SKINSHORTCUTS[target]">$SKINSHORTCUTS[content]</content>
			</control>
		</controls>
	</other>
    
    <other include="widget.2">
		<!-- Match our custom widgets with a widgetType of media, or a node with mediaType of movies or tvshows -->
		<condition tag="property" attribute="name|widgetTarget.2"></condition>
		<match>all</match>
		<!-- For nodes, set the content property to the value of widgetPath -->
		<property name="target" tag="property" attribute="name|widgetTarget.2" />
        <property name="submenuVisibility" tag="property" attribute="name|submenuVisibility" />
        <property name="widgetstyle" tag="property" attribute="name|widgetstyle.2" value="poster">widget_layout_poster</property>
        <property name="widgetstyle" tag="property" attribute="name|widgetstyle.2" value="landscape">widget_layout_landscape</property>
        <property name="widgetstyle" tag="property" attribute="name|widgetstyle.2" value="landscapesmall">widget_layout_landscapesmall</property>
        <property name="widgetstyle" tag="property" attribute="name|widgetstyle.2" value="single box">widget_layout_singlebox</property>
        <property name="widgetstyle" tag="property" attribute="name|widgetstyle.2" value="wide box">widget_layout_widebox</property>
        <property name="widgetstyle" tag="property" attribute="name|widgetstyle.2" value="small poster">widget_layout_small_poster</property>
        <property name="widgetstyle" tag="property" attribute="name|widgetstyle.2" value="square">widget_layout_square</property>
        <property name="widgetstyle" tag="property" attribute="name|widgetstyle.2" value="minisquare">widget_layout_minisquare</property>
        <property name="widgetstyle" tag="property" attribute="name|widgetstyle.2" value="banner">widget_layout_banner</property>
        <property name="content" tag="property" attribute="name|widgetForceRefresh.2" value="refresh">$VAR[widget530]</property>
        <property name="content" tag="property" attribute="name|widgetPath.2" />
        <property name="widgetstyle">widgetlayout</property>
        <property name="widgetLabelVisibility" tag="property" attribute="name|widgetTags.2" value="enable">WidgetTagOverlayEnable</property>
        <property name="widgetLabelVisibility" tag="property" attribute="name|widgetTags.2" value="disable">WidgetTagOverlayDisable</property>
        <property name="widgetLabelVisibility">WidgetTagOverlayAuto</property>

		<controls>
            <control type="label" id="600">
                <label>widget-2</label>
                <width>1</width>
                <heigth>1</heigth>
                <posx>-1</posx>
                <posy>-1</posy>
                <skinshortcuts>visibility</skinshortcuts>
                <visible>Skin.String(widgetvalue-$SKINSHORTCUTS[submenuVisibility],2)</visible>
            </control>
			<control type="panel" id="530">
				<skinshortcuts>visibility</skinshortcuts>
				<visible>Skin.String(widgetvalue-$SKINSHORTCUTS[submenuVisibility],2)</visible>
				<include name="EnhancedHomeWidgetLayout" content="EnhancedHomeWidgetLayout" condition="Skin.String(HomeLayout, enhanced)">
                    <param name="widgetid" value="530" />
                    <param name="widgetLabelVisibility" value="$SKINSHORTCUTS[widgetLabelVisibility]" />
                </include>
                <include name="$SKINSHORTCUTS[widgetstyle]" content="$SKINSHORTCUTS[widgetstyle]" condition="!Skin.String(HomeLayout, enhanced)">
                    <param name="widgetid" value="530" />
                    <param name="widgetLabelVisibility" value="$SKINSHORTCUTS[widgetLabelVisibility]" />
                </include>
				<content target="$SKINSHORTCUTS[target]">$SKINSHORTCUTS[content]</content>
			</control>
		</controls>
	</other>
    
    <other include="widget.3">
		<!-- Match our custom widgets with a widgetType of media, or a node with mediaType of movies or tvshows -->
		<condition tag="property" attribute="name|widgetTarget.3"></condition>
		<match>all</match>
		<!-- For nodes, set the content property to the value of widgetPath -->
		<property name="target" tag="property" attribute="name|widgetTarget.3" />
        <property name="submenuVisibility" tag="property" attribute="name|submenuVisibility" />
        <property name="widgetstyle" tag="property" attribute="name|widgetstyle.3" value="poster">widget_layout_poster</property>
        <property name="widgetstyle" tag="property" attribute="name|widgetstyle.3" value="landscape">widget_layout_landscape</property>
        <property name="widgetstyle" tag="property" attribute="name|widgetstyle.3" value="landscapesmall">widget_layout_landscapesmall</property>
        <property name="widgetstyle" tag="property" attribute="name|widgetstyle.3" value="single box">widget_layout_singlebox</property>
        <property name="widgetstyle" tag="property" attribute="name|widgetstyle.3" value="wide box">widget_layout_widebox</property>
        <property name="widgetstyle" tag="property" attribute="name|widgetstyle.3" value="small poster">widget_layout_small_poster</property>
        <property name="widgetstyle" tag="property" attribute="name|widgetstyle.3" value="square">widget_layout_square</property>
        <property name="widgetstyle" tag="property" attribute="name|widgetstyle.3" value="minisquare">widget_layout_minisquare</property>
        <property name="widgetstyle" tag="property" attribute="name|widgetstyle.3" value="banner">widget_layout_banner</property>
        <property name="content" tag="property" attribute="name|widgetForceRefresh.3" value="refresh">$VAR[widget540]</property>
        <property name="content" tag="property" attribute="name|widgetPath.3" />
        <property name="widgetstyle">widgetlayout</property>
        <property name="widgetLabelVisibility" tag="property" attribute="name|widgetTags.3" value="enable">WidgetTagOverlayEnable</property>
        <property name="widgetLabelVisibility" tag="property" attribute="name|widgetTags.3" value="disable">WidgetTagOverlayDisable</property>
        <property name="widgetLabelVisibility">WidgetTagOverlayAuto</property>

		<controls>
            <control type="label" id="600">
                <label>widget-3</label>
                <width>1</width>
                <heigth>1</heigth>
                <posx>-1</posx>
                <posy>-1</posy>
                <skinshortcuts>visibility</skinshortcuts>
                <visible>Skin.String(widgetvalue-$SKINSHORTCUTS[submenuVisibility],3)</visible>
            </control>
			<control type="panel" id="540">
				<skinshortcuts>visibility</skinshortcuts>
				<visible>Skin.String(widgetvalue-$SKINSHORTCUTS[submenuVisibility],3)</visible>
                <include name="EnhancedHomeWidgetLayout" content="EnhancedHomeWidgetLayout" condition="Skin.String(HomeLayout, enhanced)">
                    <param name="widgetid" value="540" />
                    <param name="widgetLabelVisibility" value="$SKINSHORTCUTS[widgetLabelVisibility]" />
                </include>
                <include name="$SKINSHORTCUTS[widgetstyle]" content="$SKINSHORTCUTS[widgetstyle]" condition="!Skin.String(HomeLayout, enhanced)">
                    <param name="widgetid" value="540" />
                    <param name="widgetLabelVisibility" value="$SKINSHORTCUTS[widgetLabelVisibility]" />
                </include>
				<content target="$SKINSHORTCUTS[target]">$SKINSHORTCUTS[content]</content>
			</control>
		</controls>
	</other>
	
	<other include="spotlightwidget">
		<!-- Match our custom widgets with a widgetType of media, or a node with mediaType of movies or tvshows -->
		<condition tag="property" attribute="name|widget.99"></condition>
		<match>all</match>
        <property name="submenuVisibility" tag="property" attribute="name|submenuVisibility" />

		<!-- For nodes, set the content property to the value of widgetPath -->
		<property name="target" tag="property" attribute="name|widgetTarget.99" />
        <property name="submenuVisibility" tag="property" attribute="name|submenuVisibility" />
        <property name="content" tag="property" attribute="name|widgetForceRefresh.99" value="refresh">$VAR[widget1508]</property>
        <property name="content" tag="property" attribute="name|widgetPath.99" />

		<controls>
			<control type="panel" id="1508">
				<skinshortcuts>visibility</skinshortcuts>
				<include>EnhancedHomeSpotLightWidgetLayout</include>
				<content target="$SKINSHORTCUTS[target]">$SKINSHORTCUTS[content]</content>
			</control>
		</controls>
	</other>

    <other include="win10widget.1">
		<condition tag="property" attribute="name|widget"></condition>
		<match>all</match>
        <property name="submenuVisibility" tag="property" attribute="name|submenuVisibility" />
		
		<property name="target" tag="property" attribute="name|widgetTarget" />
        <property name="content" tag="property" attribute="name|widgetForceRefresh" value="refresh">$VAR[widget510]</property>
        <property name="content" tag="property" attribute="name|widgetPath" />
        <property name="widgetpos" tag="property" attribute="name|widgetInfoPanel" value="bottom">HomeWin10WidgetPosTop</property>
        <property name="widgetpos" tag="property" attribute="name|widgetInfoPanel" value="disable">HomeWin10WidgetPosFull</property>
        <property name="widgetpos">HomeWin10WidgetPosBottom</property>
        <property name="widgetstyle" tag="property" attribute="name|widgetstyle" value="small poster">HomeWin10WidgetLayoutPoster</property>
        <property name="widgetstyle" tag="property" attribute="name|widgetstyle" value="landscape">HomeWin10WidgetLayoutLandscape</property>
        <property name="widgetstyle" tag="property" attribute="name|widgetstyle" value="banner">HomeWin10WidgetLayoutBanner</property>
        <property name="widgetstyle">HomeWin10WidgetLayoutSquare</property>
        <property name="widgetLabelVisibility" tag="property" attribute="name|widgetTags" value="enable">WidgetTagOverlayEnable</property>
        <property name="widgetLabelVisibility" tag="property" attribute="name|widgetTags" value="disable">WidgetTagOverlayDisable</property>
        <property name="widgetLabelVisibility">WidgetTagOverlayAuto</property>
		<controls>
            <control type="panel" id="510">
                <skinshortcuts>visibility</skinshortcuts>
                <include>$SKINSHORTCUTS[widgetpos]</include>
                <onleft condition="!Skin.HasSetting(Win10SubmenuRight)">4444</onleft>
                <onleft condition="Skin.HasSetting(Win10SubmenuRight) + !Skin.HasSetting(EnhancedHome_Circular)">300</onleft>
                <onleft condition="Skin.HasSetting(Win10SubmenuRight) + Skin.HasSetting(EnhancedHome_Circular)">Control.Move(300,-1)</onleft>
                <onleft condition="Skin.HasSetting(Win10SubmenuRight) + Skin.HasSetting(EnhancedHome_Circular)">SetFocus(9000,0)</onleft>
                <onright>SetFocus(520,0)</onright>
                <onright condition="Skin.HasSetting(EnhancedHome_Circular) + IsEmpty(Container(300).ListItem.Property(widget.1)) + ![Skin.HasSetting(Win10SubmenuRight) + IntegerGreaterThan(Container(4445).NumItems,0)]">Control.Move(300,1)</onright>
                <onright condition="IsEmpty(Container(300).ListItem.Property(widget.1))">SetFocus(4444,0)</onright>
                <include>HomeWin10WidgetLayout</include>
                <include name="$SKINSHORTCUTS[widgetstyle]" content="$SKINSHORTCUTS[widgetstyle]">
                    <param name="widgetid" value="510" />
                    <param name="widgetLabelVisibility" value="$SKINSHORTCUTS[widgetLabelVisibility]" />
                </include>
                <content target="$SKINSHORTCUTS[target]">$SKINSHORTCUTS[content]</content>
            </control>
        </controls>
	</other>
    <other include="win10widget.2">
		<condition tag="property" attribute="name|widget.1"></condition>
		<match>all</match>
        <property name="submenuVisibility" tag="property" attribute="name|submenuVisibility" />
		
		<property name="target" tag="property" attribute="name|widgetTarget.1" />
        <property name="content" tag="property" attribute="name|widgetForceRefresh.1" value="refresh">$VAR[widget520]</property>
        <property name="content" tag="property" attribute="name|widgetPath.1" />
        <property name="widgetpos" tag="property" attribute="name|widgetInfoPanel.1" value="bottom">HomeWin10WidgetPosTop</property>
        <property name="widgetpos" tag="property" attribute="name|widgetInfoPanel.1" value="disable">HomeWin10WidgetPosFull</property>
        <property name="widgetpos">HomeWin10WidgetPosBottom</property>
        <property name="widgetstyle" tag="property" attribute="name|widgetstyle.1" value="small poster">HomeWin10WidgetLayoutPoster</property>
        <property name="widgetstyle" tag="property" attribute="name|widgetstyle.1" value="landscape">HomeWin10WidgetLayoutLandscape</property>
        <property name="widgetstyle" tag="property" attribute="name|widgetstyle.1" value="banner">HomeWin10WidgetLayoutBanner</property>
        <property name="widgetstyle">HomeWin10WidgetLayoutSquare</property>
        <property name="widgetLabelVisibility" tag="property" attribute="name|widgetTags.1" value="enable">WidgetTagOverlayEnable</property>
        <property name="widgetLabelVisibility" tag="property" attribute="name|widgetTags.1" value="disable">WidgetTagOverlayDisable</property>
        <property name="widgetLabelVisibility">WidgetTagOverlayAuto</property>
		<controls>
            <control type="panel" id="520">
                <skinshortcuts>visibility</skinshortcuts>
                <include>$SKINSHORTCUTS[widgetpos]</include>
                <onleft>510</onleft>
                <onright>SetFocus(530,0)</onright>
                <onright condition="Skin.HasSetting(EnhancedHome_Circular) + IsEmpty(Container(300).ListItem.Property(widget.2)) + ![Skin.HasSetting(Win10SubmenuRight) + IntegerGreaterThan(Container(4445).NumItems,0)]">Control.Move(300,1)</onright>
                <onright condition="IsEmpty(Container(300).ListItem.Property(widget.2))">SetFocus(4444,0)</onright>
                <include>HomeWin10WidgetLayout</include>
                <include name="$SKINSHORTCUTS[widgetstyle]" content="$SKINSHORTCUTS[widgetstyle]">
                    <param name="widgetid" value="520" />
                    <param name="widgetLabelVisibility" value="$SKINSHORTCUTS[widgetLabelVisibility]" />
                </include>
                <content target="$SKINSHORTCUTS[target]">$SKINSHORTCUTS[content]</content>
            </control>
        </controls>
	</other>
    <other include="win10widget.3">
		<condition tag="property" attribute="name|widget.2"></condition>
		<match>all</match>
        <property name="submenuVisibility" tag="property" attribute="name|submenuVisibility" />
		
		<property name="target" tag="property" attribute="name|widgetTarget.2" />
        <property name="content" tag="property" attribute="name|widgetForceRefresh.2" value="refresh">$VAR[widget530]</property>
        <property name="content" tag="property" attribute="name|widgetPath.2" />
        <property name="widgetpos" tag="property" attribute="name|widgetInfoPanel.2" value="bottom">HomeWin10WidgetPosTop</property>
        <property name="widgetpos" tag="property" attribute="name|widgetInfoPanel.2" value="disable">HomeWin10WidgetPosFull</property>
        <property name="widgetpos">HomeWin10WidgetPosBottom</property>
        <property name="widgetstyle" tag="property" attribute="name|widgetstyle.2" value="small poster">HomeWin10WidgetLayoutPoster</property>
        <property name="widgetstyle" tag="property" attribute="name|widgetstyle.2" value="landscape">HomeWin10WidgetLayoutLandscape</property>
        <property name="widgetstyle" tag="property" attribute="name|widgetstyle.2" value="banner">HomeWin10WidgetLayoutBanner</property>
        <property name="widgetstyle">HomeWin10WidgetLayoutSquare</property>
        <property name="widgetLabelVisibility" tag="property" attribute="name|widgetTags.2" value="enable">WidgetTagOverlayEnable</property>
        <property name="widgetLabelVisibility" tag="property" attribute="name|widgetTags.2" value="disable">WidgetTagOverlayDisable</property>
        <property name="widgetLabelVisibility">WidgetTagOverlayAuto</property>
		<controls>
            <control type="panel" id="530">
                <skinshortcuts>visibility</skinshortcuts>
                <include>$SKINSHORTCUTS[widgetpos]</include>
                <onleft>520</onleft>
                <onright>SetFocus(540,0)</onright>
                <onright condition="Skin.HasSetting(EnhancedHome_Circular) + IsEmpty(Container(300).ListItem.Property(widget.3)) + ![Skin.HasSetting(Win10SubmenuRight) + IntegerGreaterThan(Container(4445).NumItems,0)]">Control.Move(300,1)</onright>
                <onright condition="IsEmpty(Container(300).ListItem.Property(widget.3))">SetFocus(4444,0)</onright>
                <include>HomeWin10WidgetLayout</include>
                <include name="$SKINSHORTCUTS[widgetstyle]" content="$SKINSHORTCUTS[widgetstyle]">
                    <param name="widgetid" value="530" />
                    <param name="widgetLabelVisibility" value="$SKINSHORTCUTS[widgetLabelVisibility]" />
                </include>
                <content target="$SKINSHORTCUTS[target]">$SKINSHORTCUTS[content]</content>
            </control>
        </controls>
	</other>
    <other include="win10widget.4">
		<condition tag="property" attribute="name|widget.3"></condition>
		<match>all</match>
        <property name="submenuVisibility" tag="property" attribute="name|submenuVisibility" />
		<property name="target" tag="property" attribute="name|widgetTarget.3" />
        <property name="content" tag="property" attribute="name|widgetForceRefresh.3" value="refresh">$VAR[widget540]</property>
        <property name="content" tag="property" attribute="name|widgetPath.3" />
        <property name="widgetpos" tag="property" attribute="name|widgetInfoPanel.3" value="bottom">HomeWin10WidgetPosTop</property>
        <property name="widgetpos" tag="property" attribute="name|widgetInfoPanel.3" value="disable">HomeWin10WidgetPosFull</property>
        <property name="widgetpos">HomeWin10WidgetPosBottom</property>
        <property name="widgetstyle" tag="property" attribute="name|widgetstyle.3" value="small poster">HomeWin10WidgetLayoutPoster</property>
        <property name="widgetstyle" tag="property" attribute="name|widgetstyle.3" value="landscape">HomeWin10WidgetLayoutLandscape</property>
        <property name="widgetstyle" tag="property" attribute="name|widgetstyle.3" value="banner">HomeWin10WidgetLayoutBanner</property>
        <property name="widgetstyle">HomeWin10WidgetLayoutSquare</property>
        <property name="widgetLabelVisibility" tag="property" attribute="name|widgetTags.3" value="enable">WidgetTagOverlayEnable</property>
        <property name="widgetLabelVisibility" tag="property" attribute="name|widgetTags.3" value="disable">WidgetTagOverlayDisable</property>
        <property name="widgetLabelVisibility">WidgetTagOverlayAuto</property>
		<controls>
            <control type="panel" id="540">
                <skinshortcuts>visibility</skinshortcuts>
                <include>$SKINSHORTCUTS[widgetpos]</include>
                <onleft>530</onleft>
                <onright>SetFocus(4444,0)</onright>
                <onright condition="Skin.HasSetting(EnhancedHome_Circular) + ![Skin.HasSetting(Win10SubmenuRight) + IntegerGreaterThan(Container(4445).NumItems,0)]">Control.Move(300,1)</onright>
                <onright condition="IsEmpty(Container(300).ListItem.Property(widget.2))">SetFocus(4444,0)</onright>
                <include>HomeWin10WidgetLayout</include>
                <include name="$SKINSHORTCUTS[widgetstyle]" content="$SKINSHORTCUTS[widgetstyle]">
                    <param name="widgetid" value="540" />
                    <param name="widgetLabelVisibility" value="$SKINSHORTCUTS[widgetLabelVisibility]" />
                </include>
                <content target="$SKINSHORTCUTS[target]">$SKINSHORTCUTS[content]</content>
            </control>
        </controls>
	</other>
    
    <other include="VerticalHomeWidgets">
		<condition tag="property" attribute="name|widget"></condition>
		<match>all</match>
        <property name="id" tag="mainmenuid" />
        <property name="submenuVisibility" tag="property" attribute="name|submenuVisibility" />
        
        <property name="infoline" tag="property" attribute="name|infoline" value="none">disabled</property>
        <property name="infoline" tag="property" attribute="name|infoline" value="">disabled</property>
        <property name="infoline" tag="property" attribute="name|infoline" />
        <property name="infoline">disabled</property>
        
        <property name="squaresubmenu" tag="property" attribute="name|squaresubmenu" />
        <property name="squaresubmenu">disable</property>
        
        <property name="multiwidget" tag="property" attribute="name|multiwidget" />
        <property name="multiwidget">single2</property>
        
        <property name="singleheader" tag="property" attribute="name|multiwidget" value="multi">disable</property>
        <property name="singleheader" tag="property" attribute="name|multiwidget" value="multi2">disable</property>
        <property name="singleheader" tag="property" attribute="name|lowerwidgets" value="enable">bottom</property>
        <property name="singleheader">top</property>
        
        <property name="multiprefix" propertyValue="_multi">
            <rule tag="property" attribute="name|multiwidget" value="multi" />
            <rule tag="property" attribute="name|multiwidget" value="single" />
        </property>
        
        <!-- widget 1 -->
		<property name="target" tag="property" attribute="name|widgetTarget" />
        <property name="content" tag="property" attribute="name|widgetForceRefresh" value="refresh">$VAR[widget510]</property>
        <property name="content" tag="property" attribute="name|widgetPath" />
        <property name="widgetstyle" tag="property" attribute="name|widgetstyle" value="poster">widget_layout_poster</property>
        <property name="widgetstyle" tag="property" attribute="name|widgetstyle" value="landscape">widget_layout_landscape</property>
        <property name="widgetstyle" tag="property" attribute="name|widgetstyle" value="landscapesmall">widget_layout_landscapesmall</property>
        <property name="widgetstyle" tag="property" attribute="name|widgetstyle" value="single box">widget_layout_singlebox</property>
        <property name="widgetstyle" tag="property" attribute="name|widgetstyle" value="wide box">widget_layout_widebox</property>
        <property name="widgetstyle" tag="property" attribute="name|widgetstyle" value="small poster">widget_layout_small_poster</property>
        <property name="widgetstyle" tag="property" attribute="name|widgetstyle" value="square">widget_layout_square</property>
        <property name="widgetstyle" tag="property" attribute="name|widgetstyle" value="minisquare">widget_layout_minisquare</property>
        <property name="widgetstyle" tag="property" attribute="name|widgetstyle" value="banner">widget_layout_banner</property>
        <property name="widgetstyle">widgetlayout</property>
        <property name="widgetLabelVisibility" tag="property" attribute="name|widgetTags" value="enable">WidgetTagOverlayEnable</property>
        <property name="widgetLabelVisibility" tag="property" attribute="name|widgetTags" value="disable">WidgetTagOverlayDisable</property>
        <property name="widgetLabelVisibility">WidgetTagOverlayAuto</property>
        
        <!-- widget 2 -->
		<property name="target.1" tag="property" attribute="name|widgetTarget.1" />
        <property name="content.1" tag="property" attribute="name|widgetForceRefresh.1" value="refresh">$VAR[widget520]</property>
        <property name="content.1" tag="property" attribute="name|widgetPath.1" />
        <property name="widgetstyle.1" tag="property" attribute="name|widgetstyle.1" value="poster">widget_layout_poster</property>
        <property name="widgetstyle.1" tag="property" attribute="name|widgetstyle.1" value="landscape">widget_layout_landscape</property>
        <property name="widgetstyle.1" tag="property" attribute="name|widgetstyle.1" value="landscapesmall">widget_layout_landscapesmall</property>
        <property name="widgetstyle.1" tag="property" attribute="name|widgetstyle.1" value="single box">widget_layout_singlebox</property>
        <property name="widgetstyle.1" tag="property" attribute="name|widgetstyle.1" value="wide box">widget_layout_widebox</property>
        <property name="widgetstyle.1" tag="property" attribute="name|widgetstyle.1" value="small poster">widget_layout_small_poster</property>
        <property name="widgetstyle.1" tag="property" attribute="name|widgetstyle.1" value="square">widget_layout_square</property>
        <property name="widgetstyle.1" tag="property" attribute="name|widgetstyle.1" value="minisquare">widget_layout_minisquare</property>
        <property name="widgetstyle.1" tag="property" attribute="name|widgetstyle.1" value="banner">widget_layout_banner</property>
        <property name="widgetstyle.1">widgetlayout</property>
        <property name="widgetLabelVisibility.1" tag="property" attribute="name|widgetTags.1" value="enable">WidgetTagOverlayEnable</property>
        <property name="widgetLabelVisibility.1" tag="property" attribute="name|widgetTags.1" value="disable">WidgetTagOverlayDisable</property>
        <property name="widgetLabelVisibility.1">WidgetTagOverlayAuto</property>
        
        <!-- widget 3 -->
		<property name="target.2" tag="property" attribute="name|widgetTarget.2" />
        <property name="content.2" tag="property" attribute="name|widgetForceRefresh.2" value="refresh">$VAR[widget530]</property>
        <property name="content.2" tag="property" attribute="name|widgetPath.2" />
        <property name="widgetstyle.2" tag="property" attribute="name|widgetstyle.2" value="poster">widget_layout_poster</property>
        <property name="widgetstyle.2" tag="property" attribute="name|widgetstyle.2" value="landscape">widget_layout_landscape</property>
        <property name="widgetstyle.2" tag="property" attribute="name|widgetstyle.2" value="landscapesmall">widget_layout_landscapesmall</property>
        <property name="widgetstyle.2" tag="property" attribute="name|widgetstyle.2" value="single box">widget_layout_singlebox</property>
        <property name="widgetstyle.2" tag="property" attribute="name|widgetstyle.2" value="wide box">widget_layout_widebox</property>
        <property name="widgetstyle.2" tag="property" attribute="name|widgetstyle.2" value="small poster">widget_layout_small_poster</property>
        <property name="widgetstyle.2" tag="property" attribute="name|widgetstyle.2" value="square">widget_layout_square</property>
        <property name="widgetstyle.2" tag="property" attribute="name|widgetstyle.2" value="minisquare">widget_layout_minisquare</property>
        <property name="widgetstyle.2" tag="property" attribute="name|widgetstyle.2" value="banner">widget_layout_banner</property>
        <property name="widgetstyle.2">widgetlayout</property>
        <property name="widgetLabelVisibility.2" tag="property" attribute="name|widgetTags.2" value="enable">WidgetTagOverlayEnable</property>
        <property name="widgetLabelVisibility.2" tag="property" attribute="name|widgetTags.2" value="disable">WidgetTagOverlayDisable</property>
        <property name="widgetLabelVisibility.2">WidgetTagOverlayAuto</property>
        
        <!-- widget 4 -->
		<property name="target.3" tag="property" attribute="name|widgetTarget.3" />
        <property name="content.3" tag="property" attribute="name|widgetForceRefresh.3" value="refresh">$VAR[widget540]</property>
        <property name="content.3" tag="property" attribute="name|widgetPath.3" />
        <property name="widgetstyle.3" tag="property" attribute="name|widgetstyle.3" value="poster">widget_layout_poster</property>
        <property name="widgetstyle.3" tag="property" attribute="name|widgetstyle.3" value="landscape">widget_layout_landscape</property>
        <property name="widgetstyle.3" tag="property" attribute="name|widgetstyle.3" value="landscapesmall">widget_layout_landscapesmall</property>
        <property name="widgetstyle.3" tag="property" attribute="name|widgetstyle.3" value="single box">widget_layout_singlebox</property>
        <property name="widgetstyle.3" tag="property" attribute="name|widgetstyle.3" value="wide box">widget_layout_widebox</property>
        <property name="widgetstyle.3" tag="property" attribute="name|widgetstyle.3" value="small poster">widget_layout_small_poster</property>
        <property name="widgetstyle.3" tag="property" attribute="name|widgetstyle.3" value="square">widget_layout_square</property>
        <property name="widgetstyle.3" tag="property" attribute="name|widgetstyle.3" value="minisquare">widget_layout_minisquare</property>
        <property name="widgetstyle.3" tag="property" attribute="name|widgetstyle.3" value="banner">widget_layout_banner</property>
        <property name="widgetstyle.3">widgetlayout</property>
        <property name="widgetLabelVisibility.3" tag="property" attribute="name|widgetTags.3" value="enable">WidgetTagOverlayEnable</property>
        <property name="widgetLabelVisibility.3" tag="property" attribute="name|widgetTags.3" value="disable">WidgetTagOverlayDisable</property>
        <property name="widgetLabelVisibility.3">WidgetTagOverlayAuto</property>
        
        <controls>
        
            <control type="label" id="600">
                <label>widget-0</label>
                <width>1</width>
                <heigth>1</heigth>
                <posx>-1</posx>
                <posy>-1</posy>
                <skinshortcuts>visibility</skinshortcuts>
                <visible>Skin.String(widgetvalue-$SKINSHORTCUTS[submenuVisibility],0) | !Skin.String(widgetvalue-$SKINSHORTCUTS[submenuVisibility])</visible>
            </control>
            <control type="label" id="600">
                <label>widget-1</label>
                <width>1</width>
                <heigth>1</heigth>
                <posx>-1</posx>
                <posy>-1</posy>
                <skinshortcuts>visibility</skinshortcuts>
                <visible>Skin.String(widgetvalue-$SKINSHORTCUTS[submenuVisibility],1)</visible>
            </control>
            <control type="label" id="600">
                <label>widget-2</label>
                <width>1</width>
                <heigth>1</heigth>
                <posx>-1</posx>
                <posy>-1</posy>
                <skinshortcuts>visibility</skinshortcuts>
                <visible>Skin.String(widgetvalue-$SKINSHORTCUTS[submenuVisibility],2)</visible>
            </control>
            <control type="label" id="600">
                <label>widget-3</label>
                <width>1</width>
                <heigth>1</heigth>
                <posx>-1</posx>
                <posy>-1</posy>
                <skinshortcuts>visibility</skinshortcuts>
                <visible>Skin.String(widgetvalue-$SKINSHORTCUTS[submenuVisibility],3)</visible>
            </control>
        
            <control type="grouplist" id="77777">
                <right>0</right>
                <width>100%</width>
                <top>183</top>
                <usecontrolcoords>true</usecontrolcoords>
                <include name="height" content="height" condition="system.getbool(lookandfeel.enablerssfeeds)">
                    <param name="height" value="857" />
                </include>
                <include name="height" content="height" condition="$PYTHON['false' if infoline in 'disabled' else 'true']">
                    <param name="height" value="857" />
                </include>
                <height>897</height>
                <width>1920</width>
                <onleft>300</onleft>               
                <pagecontrol>688$SKINSHORTCUTS[id]</pagecontrol>
                <include>animation_window_open_close</include>
                
                <!-- use fade effect to hide non active widget to prevent issues -->
                <animation time="50" effect="fade" start="100" end="0" reversible="true" easing="inout" condition="!StringCompare(Container(300).ListItem.Property(submenuVisibility),$SKINSHORTCUTS[submenuVisibility])">Conditional</animation>
                
                <!-- lower widget if 16:10 aspect -->
                <animation effect="slide" start="0" end="0,120" time="0" condition="StringCompare(Skin.AspectRatio,16:10)">Conditional</animation>
                
                <!-- lower widgets if enabled -->
                <animation effect="slide" start="0" end="0,380" time="0" condition="[StringCompare(Container(300).ListItem.Property(widgetstyle),poster) | [IsEmpty(Container(300).ListItem.Property(widgetstyle)) + Skin.String(widgetstyle,poster)]] + StringCompare(Container(300).ListItem.Property(lowerwidgets),enable) + StringCompare(Container(300).ListItem.Property(multiwidget),single)">Conditional</animation>
                <animation effect="slide" start="0" end="0,506" time="0" condition="[StringCompare(Container(300).ListItem.Property(widgetstyle),small poster) | [IsEmpty(Container(300).ListItem.Property(widgetstyle)) + Skin.String(widgetstyle,small poster)]] + StringCompare(Container(300).ListItem.Property(lowerwidgets),enable) + StringCompare(Container(300).ListItem.Property(multiwidget),single)">Conditional</animation>
                <animation effect="slide" start="0" end="0,490" time="0" condition="[StringCompare(Container(300).ListItem.Property(widgetstyle),square) | [IsEmpty(Container(300).ListItem.Property(widgetstyle)) + Skin.String(widgetstyle,square)]] + StringCompare(Container(300).ListItem.Property(lowerwidgets),enable) + StringCompare(Container(300).ListItem.Property(multiwidget),single)">Conditional</animation>
                <animation effect="slide" start="0" end="0,655" time="0" condition="[StringCompare(Container(300).ListItem.Property(widgetstyle),minisquare) | [IsEmpty(Container(300).ListItem.Property(widgetstyle)) + Skin.String(widgetstyle,minisquare)]] + StringCompare(Container(300).ListItem.Property(lowerwidgets),enable) + StringCompare(Container(300).ListItem.Property(multiwidget),single)">Conditional</animation>
                <animation effect="slide" start="0" end="0,570" time="0" condition="[StringCompare(Container(300).ListItem.Property(widgetstyle),landscape) | [IsEmpty(Container(300).ListItem.Property(widgetstyle)) + Skin.String(widgetstyle,landscape)]] + StringCompare(Container(300).ListItem.Property(lowerwidgets),enable) + StringCompare(Container(300).ListItem.Property(multiwidget),single)">Conditional</animation>
                <animation effect="slide" start="0" end="0,592" time="0" condition="[StringCompare(Container(300).ListItem.Property(widgetstyle),landscapesmall) | [IsEmpty(Container(300).ListItem.Property(widgetstyle)) + Skin.String(widgetstyle,landscapesmall)]] + StringCompare(Container(300).ListItem.Property(lowerwidgets),enable) + StringCompare(Container(300).ListItem.Property(multiwidget),single)">Conditional</animation>
                <animation effect="slide" start="0" end="0,584" time="0" condition="[StringCompare(Container(300).ListItem.Property(widgetstyle),banner) | [IsEmpty(Container(300).ListItem.Property(widgetstyle)) + Skin.String(widgetstyle,banner)]] + StringCompare(Container(300).ListItem.Property(lowerwidgets),enable) + StringCompare(Container(300).ListItem.Property(multiwidget),single)">Conditional</animation>
                <animation effect="slide" start="0" end="0,400" time="0" condition="[StringCompare(Container(300).ListItem.Property(widgetstyle),single box) | [IsEmpty(Container(300).ListItem.Property(widgetstyle)) + Skin.String(widgetstyle,single box)]] + StringCompare(Container(300).ListItem.Property(lowerwidgets),enable) + StringCompare(Container(300).ListItem.Property(multiwidget),single)">Conditional</animation>
                <animation effect="slide" start="0" end="0,500" time="0" condition="[StringCompare(Container(300).ListItem.Property(widgetstyle),wide box) | [IsEmpty(Container(300).ListItem.Property(widgetstyle)) + Skin.String(widgetstyle,wide box)]] + StringCompare(Container(300).ListItem.Property(lowerwidgets),enable) + StringCompare(Container(300).ListItem.Property(multiwidget),single)">Conditional</animation>
                <animation effect="slide" start="0" end="0,-100" time="0" condition="StringCompare(Container(300).ListItem.Property(squaresubmenu),enable) + StringCompare(Container(300).ListItem.Property(lowerwidgets),enable) + StringCompare(Container(300).ListItem.Property(multiwidget),single)">Conditional</animation>
                
                <animation effect="slide" start="0" end="0,-100" time="0" condition="StringCompare(Container(300).ListItem.Property(squaresubmenu),enable) + StringCompare(Container(300).ListItem.Property(lowerwidgets),enable) + StringCompare(Container(300).ListItem.Property(multiwidget),multi) + !IsEmpty(Container(300).ListItem.Property(widget.1)) + IsEmpty(Container(300).ListItem.Property(widget.2))">Conditional</animation>
                <animation effect="slide" start="0" end="0,127" time="0" condition="[StringCompare(Container(300).ListItem.Property(widgetstyle),small poster) | [IsEmpty(Container(300).ListItem.Property(widgetstyle)) + Skin.String(widgetstyle,small poster)]] + StringCompare(Container(300).ListItem.Property(lowerwidgets),enable) + StringCompare(Container(300).ListItem.Property(multiwidget),multi) + !IsEmpty(Container(300).ListItem.Property(widget.1)) + IsEmpty(Container(300).ListItem.Property(widget.2))">Conditional</animation>
                <animation effect="slide" start="0" end="0,135" time="0" condition="[StringCompare(Container(300).ListItem.Property(widgetstyle),square) | [IsEmpty(Container(300).ListItem.Property(widgetstyle)) + Skin.String(widgetstyle,square)]] + StringCompare(Container(300).ListItem.Property(lowerwidgets),enable) + StringCompare(Container(300).ListItem.Property(multiwidget),multi) + !IsEmpty(Container(300).ListItem.Property(widget.1)) + IsEmpty(Container(300).ListItem.Property(widget.2))">Conditional</animation>
                <animation effect="slide" start="0" end="0,249" time="0" condition="[StringCompare(Container(300).ListItem.Property(widgetstyle),minisquare) | [IsEmpty(Container(300).ListItem.Property(widgetstyle)) + Skin.String(widgetstyle,minisquare)]] + StringCompare(Container(300).ListItem.Property(lowerwidgets),enable) + StringCompare(Container(300).ListItem.Property(multiwidget),multi) + !IsEmpty(Container(300).ListItem.Property(widget.1)) + IsEmpty(Container(300).ListItem.Property(widget.2))">Conditional</animation>
                <animation effect="slide" start="0" end="0,190" time="0" condition="[StringCompare(Container(300).ListItem.Property(widgetstyle),landscape) | [IsEmpty(Container(300).ListItem.Property(widgetstyle)) + Skin.String(widgetstyle,landscape)]] + StringCompare(Container(300).ListItem.Property(lowerwidgets),enable) + StringCompare(Container(300).ListItem.Property(multiwidget),multi) + !IsEmpty(Container(300).ListItem.Property(widget.1)) + IsEmpty(Container(300).ListItem.Property(widget.2))">Conditional</animation>
                <animation effect="slide" start="0" end="0,225" time="0" condition="[StringCompare(Container(300).ListItem.Property(widgetstyle),landscapesmall) | [IsEmpty(Container(300).ListItem.Property(widgetstyle)) + Skin.String(widgetstyle,landscapesmall)]] + StringCompare(Container(300).ListItem.Property(lowerwidgets),enable) + StringCompare(Container(300).ListItem.Property(multiwidget),multi) + !IsEmpty(Container(300).ListItem.Property(widget.1)) + IsEmpty(Container(300).ListItem.Property(widget.2))">Conditional</animation>
                <animation effect="slide" start="0" end="0,225" time="0" condition="[StringCompare(Container(300).ListItem.Property(widgetstyle),banner) | [IsEmpty(Container(300).ListItem.Property(widgetstyle)) + Skin.String(widgetstyle,banner)]] + StringCompare(Container(300).ListItem.Property(lowerwidgets),enable) + StringCompare(Container(300).ListItem.Property(multiwidget),multi) + !IsEmpty(Container(300).ListItem.Property(widget.1)) + IsEmpty(Container(300).ListItem.Property(widget.2))">Conditional</animation>
                <animation effect="slide" start="0" end="0,40" time="0" condition="[StringCompare(Container(300).ListItem.Property(widgetstyle),single box) | [IsEmpty(Container(300).ListItem.Property(widgetstyle)) + Skin.String(widgetstyle,single box)]] + StringCompare(Container(300).ListItem.Property(lowerwidgets),enable) + StringCompare(Container(300).ListItem.Property(multiwidget),multi) + !IsEmpty(Container(300).ListItem.Property(widget.1)) + IsEmpty(Container(300).ListItem.Property(widget.2))">Conditional</animation>
                <animation effect="slide" start="0" end="0,125" time="0" condition="[StringCompare(Container(300).ListItem.Property(widgetstyle),wide box) | [IsEmpty(Container(300).ListItem.Property(widgetstyle)) + Skin.String(widgetstyle,wide box)]] + StringCompare(Container(300).ListItem.Property(lowerwidgets),enable) + StringCompare(Container(300).ListItem.Property(multiwidget),multi) + !IsEmpty(Container(300).ListItem.Property(widget.1)) + IsEmpty(Container(300).ListItem.Property(widget.2))">Conditional</animation>
                
                <animation effect="slide" start="0" end="0,127" time="0" condition="[StringCompare(Container(300).ListItem.Property(widgetstyle.1),small poster) | [IsEmpty(Container(300).ListItem.Property(widgetstyle.1)) + Skin.String(widgetstyle,small poster)]] + StringCompare(Container(300).ListItem.Property(lowerwidgets),enable) + StringCompare(Container(300).ListItem.Property(multiwidget),multi) + !IsEmpty(Container(300).ListItem.Property(widget.1)) + IsEmpty(Container(300).ListItem.Property(widget.2))">Conditional</animation>
                <animation effect="slide" start="0" end="0,135" time="0" condition="[StringCompare(Container(300).ListItem.Property(widgetstyle.1),square) | [IsEmpty(Container(300).ListItem.Property(widgetstyle.1)) + Skin.String(widgetstyle,square)]] + StringCompare(Container(300).ListItem.Property(lowerwidgets),enable) + StringCompare(Container(300).ListItem.Property(multiwidget),multi) + !IsEmpty(Container(300).ListItem.Property(widget.1)) + IsEmpty(Container(300).ListItem.Property(widget.2))">Conditional</animation>
                <animation effect="slide" start="0" end="0,249" time="0" condition="[StringCompare(Container(300).ListItem.Property(widgetstyle.1),minisquare) | [IsEmpty(Container(300).ListItem.Property(widgetstyle.1)) + Skin.String(widgetstyle,minisquare)]] + StringCompare(Container(300).ListItem.Property(lowerwidgets),enable) + StringCompare(Container(300).ListItem.Property(multiwidget),multi) + !IsEmpty(Container(300).ListItem.Property(widget.1)) + IsEmpty(Container(300).ListItem.Property(widget.2))">Conditional</animation>
                <animation effect="slide" start="0" end="0,190" time="0" condition="[StringCompare(Container(300).ListItem.Property(widgetstyle.1),landscape) | [IsEmpty(Container(300).ListItem.Property(widgetstyle.1)) + Skin.String(widgetstyle,landscape)]] + StringCompare(Container(300).ListItem.Property(lowerwidgets),enable) + StringCompare(Container(300).ListItem.Property(multiwidget),multi) + !IsEmpty(Container(300).ListItem.Property(widget.1)) + IsEmpty(Container(300).ListItem.Property(widget.2))">Conditional</animation>
                <animation effect="slide" start="0" end="0,225" time="0" condition="[StringCompare(Container(300).ListItem.Property(widgetstyle.1),landscapesmall) | [IsEmpty(Container(300).ListItem.Property(widgetstyle.1)) + Skin.String(widgetstyle,landscapesmall)]] + StringCompare(Container(300).ListItem.Property(lowerwidgets),enable) + StringCompare(Container(300).ListItem.Property(multiwidget),multi) + !IsEmpty(Container(300).ListItem.Property(widget.1)) + IsEmpty(Container(300).ListItem.Property(widget.2))">Conditional</animation>
                <animation effect="slide" start="0" end="0,225" time="0" condition="[StringCompare(Container(300).ListItem.Property(widgetstyle.1),banner) | [IsEmpty(Container(300).ListItem.Property(widgetstyle.1)) + Skin.String(widgetstyle,banner)]] + StringCompare(Container(300).ListItem.Property(lowerwidgets),enable) + StringCompare(Container(300).ListItem.Property(multiwidget),multi) + !IsEmpty(Container(300).ListItem.Property(widget.1)) + IsEmpty(Container(300).ListItem.Property(widget.2))">Conditional</animation>
                <animation effect="slide" start="0" end="0,40" time="0" condition="[StringCompare(Container(300).ListItem.Property(widgetstyle.1),single box) | [IsEmpty(Container(300).ListItem.Property(widgetstyle.1)) + Skin.String(widgetstyle,single box)]] + StringCompare(Container(300).ListItem.Property(lowerwidgets),enable) + StringCompare(Container(300).ListItem.Property(multiwidget),multi) + !IsEmpty(Container(300).ListItem.Property(widget.1)) + IsEmpty(Container(300).ListItem.Property(widget.2))">Conditional</animation>
                <animation effect="slide" start="0" end="0,125" time="0" condition="[StringCompare(Container(300).ListItem.Property(widgetstyle.1),wide box) | [IsEmpty(Container(300).ListItem.Property(widgetstyle.1)) + Skin.String(widgetstyle,wide box)]] + StringCompare(Container(300).ListItem.Property(lowerwidgets),enable) + StringCompare(Container(300).ListItem.Property(multiwidget),multi) + !IsEmpty(Container(300).ListItem.Property(widget.1)) + IsEmpty(Container(300).ListItem.Property(widget.2))">Conditional</animation>

                <!-- square submenu -->
                <control type="panel" id="4446">
                    <include>VerticalHomeSquareSubMenuLayout</include>
                    <visible>$PYTHON['true' if squaresubmenu in 'enable' else 'false']</visible>
                    <skinshortcuts>visibility</skinshortcuts>
                </control>
                
                <!-- single widget header TOP -->
                <control type="radiobutton" id="505">
                    <include condition="!Skin.HasSetting(AutoWidgetAlignDisabled)">VerticalHomeSimpleWidgetHeaderLayout</include>
                    <include condition="Skin.HasSetting(AutoWidgetAlignDisabled)">VerticalHomeSimpleWidgetHeaderLayoutAlt</include>
                    <visible>$PYTHON['true' if singleheader in 'top' else 'false']</visible>
                    <skinshortcuts>visibility</skinshortcuts>
                    <selected>Control.HasFocus(505)</selected>
                </control>
                
                <!--  widget 1 -->
                <include name="VerticalHomeAdvancedWidgetHeader" content="VerticalHomeAdvancedWidgetHeader" condition="$PYTHON['true' if multiwidget in 'multi' else 'false']">
                    <param name="id" value="509" />
                    <param name="containerid" value="510" />
                    <param name="widgetidprefix" value="" />
                    <param name="mainmenuid" value="$SKINSHORTCUTS[submenuVisibility]" />
                </include>
                
                <control type="panel" id="510">
                    <skinshortcuts>visibility</skinshortcuts>
                    <include>widgets_animation</include>
                    <visible>!IsEmpty(Container(300).Listitem.Property(widget))</visible>
                    <visible>SubString(Container(300).Listitem.Property(multiwidget),multi) | [!SubString(Container(300).Listitem.Property(multiwidget),multi) + [Skin.String(widgetvalue-$SKINSHORTCUTS[submenuVisibility],0) | !Skin.String(widgetvalue-$SKINSHORTCUTS[submenuVisibility])]]</visible>
                    <include name="$SKINSHORTCUTS[widgetstyle]" content="$SKINSHORTCUTS[widgetstyle]">
                        <param name="widgetid" value="510" />
                        <param name="multiprefix" value="$SKINSHORTCUTS[multiprefix]" />
                        <param name="widgetLabelVisibility" value="$SKINSHORTCUTS[widgetLabelVisibility]" />
                    </include>
                    <content target="$SKINSHORTCUTS[target]">$SKINSHORTCUTS[content]</content>
                </control>
                
                <!--  widget 2 -->
                <include name="VerticalHomeAdvancedWidgetHeader" content="VerticalHomeAdvancedWidgetHeader" condition="$PYTHON['true' if multiwidget in 'multi' else 'false']">
                    <param name="id" value="519" />
                    <param name="containerid" value="520" />
                    <param name="widgetidprefix" value=".1" />
                    <param name="mainmenuid" value="$SKINSHORTCUTS[submenuVisibility]" />
                </include>
                <control type="panel" id="520">
                    <skinshortcuts>visibility</skinshortcuts>
                    <include>widgets_animation</include>
                    <visible>!IsEmpty(Container(300).Listitem.Property(widget.1))</visible>
                    <visible>SubString(Container(300).Listitem.Property(multiwidget),multi) | [!SubString(Container(300).Listitem.Property(multiwidget),multi) + Skin.String(widgetvalue-$SKINSHORTCUTS[submenuVisibility],1)]</visible>
                    <include name="$SKINSHORTCUTS[widgetstyle.1]" content="$SKINSHORTCUTS[widgetstyle.1]">
                        <param name="widgetid" value="520" />
                        <param name="multiprefix" value="$SKINSHORTCUTS[multiprefix]" />
                        <param name="widgetLabelVisibility" value="$SKINSHORTCUTS[widgetLabelVisibility.1]" />
                    </include>
                    <content target="$SKINSHORTCUTS[target.1]">$SKINSHORTCUTS[content.1]</content>
                </control>
                
                <!--  widget 3 -->
                <include name="VerticalHomeAdvancedWidgetHeader" content="VerticalHomeAdvancedWidgetHeader" condition="$PYTHON['true' if multiwidget in 'multi' else 'false']">
                    <param name="id" value="529" />
                    <param name="containerid" value="530" />
                    <param name="widgetidprefix" value=".2" />
                    <param name="mainmenuid" value="$SKINSHORTCUTS[submenuVisibility]" />
                </include>
                <control type="panel" id="530">
                    <skinshortcuts>visibility</skinshortcuts>
                    <include>widgets_animation</include>
                    <visible>!IsEmpty(Container(300).Listitem.Property(widget.2))</visible>
                    <visible>SubString(Container(300).Listitem.Property(multiwidget),multi) | [!SubString(Container(300).Listitem.Property(multiwidget),multi) + Skin.String(widgetvalue-$SKINSHORTCUTS[submenuVisibility],2)]</visible>
                    <include name="$SKINSHORTCUTS[widgetstyle.2]" content="$SKINSHORTCUTS[widgetstyle.2]">
                        <param name="widgetid" value="530" />
                        <param name="multiprefix" value="$SKINSHORTCUTS[multiprefix]" />
                        <param name="widgetLabelVisibility" value="$SKINSHORTCUTS[widgetLabelVisibility.2]" />
                    </include>
                    <content target="$SKINSHORTCUTS[target.2]">$SKINSHORTCUTS[content.2]</content>
                </control>
                
                <!--  widget 4 -->
                <include name="VerticalHomeAdvancedWidgetHeader" content="VerticalHomeAdvancedWidgetHeader" condition="$PYTHON['true' if multiwidget in 'multi' else 'false']">
                    <param name="id" value="539" />
                    <param name="containerid" value="540" />
                    <param name="widgetidprefix" value=".3" />
                    <param name="mainmenuid" value="$SKINSHORTCUTS[submenuVisibility]" />
                </include>
                <control type="panel" id="540">
                    <skinshortcuts>visibility</skinshortcuts>
                    <include>widgets_animation</include>
                    <visible>!IsEmpty(Container(300).Listitem.Property(widget.3))</visible>
                    <visible>SubString(Container(300).Listitem.Property(multiwidget),multi) | [!SubString(Container(300).Listitem.Property(multiwidget),multi) + Skin.String(widgetvalue-$SKINSHORTCUTS[submenuVisibility],3)]</visible>
                    <include name="$SKINSHORTCUTS[widgetstyle.3]" content="$SKINSHORTCUTS[widgetstyle.3]">
                        <param name="widgetid" value="540" />
                        <param name="multiprefix" value="$SKINSHORTCUTS[multiprefix]" />
                        <param name="widgetLabelVisibility" value="$SKINSHORTCUTS[widgetLabelVisibility.3]" />
                    </include>
                    <content target="$SKINSHORTCUTS[target.3]">$SKINSHORTCUTS[content.3]</content>
                </control>
                
                <!-- single widget header BOTTOM -->
                <control type="radiobutton" id="511">
                    <include condition="!Skin.HasSetting(AutoWidgetAlignDisabled)">VerticalHomeSimpleWidgetHeaderLayout</include>
                    <include condition="Skin.HasSetting(AutoWidgetAlignDisabled)">VerticalHomeSimpleWidgetHeaderLayoutAlt</include>
                    <visible>$PYTHON['true' if singleheader in 'bottom' else 'false']</visible>
                    <skinshortcuts>visibility</skinshortcuts>
                    <selected>Control.HasFocus(511)</selected>
                </control>
                
            </control>
            <!--vertical Scollbar-->
			<control type="scrollbar" id="688$SKINSHORTCUTS[id]">
				<skinshortcuts>visibility</skinshortcuts>
				<right>5</right>
				<bottom>0</bottom>
				<height>85%</height>
				<onup>60</onup>
				<ondown>60</ondown>
				<onleft>54</onleft>
				<animation effect="fade" start="0" end="100" time="400" condition="Control.HasFocus(60) | Skin.HasSetting(EnableTouchSupport) | Container.Scrolling | Skin.HasSetting(alwaysShowScrollbars)">Conditional</animation>
				<animation effect="fade" start="100" end="0" time="400" condition="![Control.HasFocus(60) | Skin.HasSetting(EnableTouchSupport) | Container.Scrolling | Skin.HasSetting(alwaysShowScrollbars)]">Conditional</animation>
			</control>
        </controls>
	</other>

    <other include="VerticalHomeWidgetsLarge">
		<condition tag="property" attribute="name|widget"></condition>
		<match>all</match>
        <property name="id" tag="mainmenuid" />
        <property name="submenuVisibility" tag="property" attribute="name|submenuVisibility" />
        
        <property name="squaresubmenu" tag="property" attribute="name|squaresubmenu" />
        <property name="squaresubmenu">disable</property>
        
        <property name="multiwidget" tag="property" attribute="name|multiwidget" />
        <property name="multiwidget">single2</property>
        
        <property name="singleheader" tag="property" attribute="name|multiwidget" value="multi">disable</property>
        <property name="singleheader" tag="property" attribute="name|multiwidget" value="multi2">disable</property>
        <property name="singleheader" tag="property" attribute="name|lowerwidgets" value="enable">bottom</property>
        <property name="singleheader">top</property>
        
        <property name="multiprefix" propertyValue="_multi">
            <rule tag="property" attribute="name|multiwidget" value="multi" />
            <rule tag="property" attribute="name|multiwidget" value="single" />
        </property>
        
        <!-- widget 1 -->
		<property name="target" tag="property" attribute="name|widgetTarget" />
        <property name="content" tag="property" attribute="name|widgetForceRefresh" value="refresh">$VAR[widget510]</property>
        <property name="content" tag="property" attribute="name|widgetPath" />
        <property name="widgetstyle" tag="property" attribute="name|widgetstyle" value="poster">widget_largelayout_poster</property>
        <property name="widgetstyle" tag="property" attribute="name|widgetstyle" value="landscape">widget_largelayout_landscape</property>
        <property name="widgetstyle" tag="property" attribute="name|widgetstyle" value="landscapesmall">widget_largelayout_landscapesmall</property>
        <property name="widgetstyle" tag="property" attribute="name|widgetstyle" value="single box">widget_largelayout_singlebox</property>
        <property name="widgetstyle" tag="property" attribute="name|widgetstyle" value="wide box">widget_largelayout_widebox</property>
        <property name="widgetstyle" tag="property" attribute="name|widgetstyle" value="small poster">widget_largelayout_small_poster</property>
        <property name="widgetstyle" tag="property" attribute="name|widgetstyle" value="square">widget_largelayout_square</property>
        <property name="widgetstyle" tag="property" attribute="name|widgetstyle" value="minisquare">widget_largelayout_minisquare</property>
        <property name="widgetstyle" tag="property" attribute="name|widgetstyle" value="banner">widget_largelayout_banner</property>
        <property name="widgetstyle">widgetlayout_large</property>
        <property name="widgetLabelVisibility" tag="property" attribute="name|widgetTags" value="enable">WidgetTagOverlayEnable</property>
        <property name="widgetLabelVisibility" tag="property" attribute="name|widgetTags" value="disable">WidgetTagOverlayDisable</property>
        <property name="widgetLabelVisibility">WidgetTagOverlayAuto</property>
        
        <!-- widget 2 -->
		<property name="target.1" tag="property" attribute="name|widgetTarget.1" />
        <property name="content.1" tag="property" attribute="name|widgetForceRefresh.1" value="refresh">$VAR[widget520]</property>
        <property name="content.1" tag="property" attribute="name|widgetPath.1" />
        <property name="widgetstyle.1" tag="property" attribute="name|widgetstyle.1" value="poster">widget_largelayout_poster</property>
        <property name="widgetstyle.1" tag="property" attribute="name|widgetstyle.1" value="landscape">widget_largelayout_landscape</property>
        <property name="widgetstyle.1" tag="property" attribute="name|widgetstyle.1" value="landscapesmall">widget_largelayout_landscapesmall</property>
        <property name="widgetstyle.1" tag="property" attribute="name|widgetstyle.1" value="single box">widget_largelayout_singlebox</property>
        <property name="widgetstyle.1" tag="property" attribute="name|widgetstyle.1" value="wide box">widget_largelayout_widebox</property>
        <property name="widgetstyle.1" tag="property" attribute="name|widgetstyle.1" value="small poster">widget_largelayout_small_poster</property>
        <property name="widgetstyle.1" tag="property" attribute="name|widgetstyle.1" value="square">widget_largelayout_square</property>
        <property name="widgetstyle.1" tag="property" attribute="name|widgetstyle.1" value="minisquare">widget_largelayout_minisquare</property>
        <property name="widgetstyle.1" tag="property" attribute="name|widgetstyle.1" value="banner">widget_largelayout_banner</property>
        <property name="widgetstyle.1">widgetlayout_large</property>
        <property name="widgetLabelVisibility.1" tag="property" attribute="name|widgetTags.1" value="enable">WidgetTagOverlayEnable</property>
        <property name="widgetLabelVisibility.1" tag="property" attribute="name|widgetTags.1" value="disable">WidgetTagOverlayDisable</property>
        <property name="widgetLabelVisibility.1">WidgetTagOverlayAuto</property>
        
        <!-- widget 3 -->
		<property name="target.2" tag="property" attribute="name|widgetTarget.2" />
        <property name="content.2" tag="property" attribute="name|widgetForceRefresh.2" value="refresh">$VAR[widget530]</property>
        <property name="content.2" tag="property" attribute="name|widgetPath.2" />
        <property name="widgetstyle.2" tag="property" attribute="name|widgetstyle.2" value="poster">widget_largelayout_poster</property>
        <property name="widgetstyle.2" tag="property" attribute="name|widgetstyle.2" value="landscape">widget_largelayout_landscape</property>
        <property name="widgetstyle.2" tag="property" attribute="name|widgetstyle.2" value="landscapesmall">widget_largelayout_landscapesmall</property>
        <property name="widgetstyle.2" tag="property" attribute="name|widgetstyle.2" value="single box">widget_largelayout_singlebox</property>
        <property name="widgetstyle.2" tag="property" attribute="name|widgetstyle.2" value="wide box">widget_largelayout_widebox</property>
        <property name="widgetstyle.2" tag="property" attribute="name|widgetstyle.2" value="small poster">widget_largelayout_small_poster</property>
        <property name="widgetstyle.2" tag="property" attribute="name|widgetstyle.2" value="square">widget_largelayout_square</property>
        <property name="widgetstyle.2" tag="property" attribute="name|widgetstyle.2" value="minisquare">widget_largelayout_minisquare</property>
        <property name="widgetstyle.2" tag="property" attribute="name|widgetstyle.2" value="banner">widget_largelayout_banner</property>
        <property name="widgetstyle.2">widgetlayout_large</property>
        <property name="widgetLabelVisibility.2" tag="property" attribute="name|widgetTags.2" value="enable">WidgetTagOverlayEnable</property>
        <property name="widgetLabelVisibility.2" tag="property" attribute="name|widgetTags.2" value="disable">WidgetTagOverlayDisable</property>
        <property name="widgetLabelVisibility.2">WidgetTagOverlayAuto</property>
        
        <!-- widget 4 -->
		<property name="target.3" tag="property" attribute="name|widgetTarget.3" />
        <property name="content.3" tag="property" attribute="name|widgetForceRefresh.3" value="refresh">$VAR[widget540]</property>
        <property name="content.3" tag="property" attribute="name|widgetPath.3" />
        <property name="widgetstyle.3" tag="property" attribute="name|widgetstyle.3" value="poster">widget_largelayout_poster</property>
        <property name="widgetstyle.3" tag="property" attribute="name|widgetstyle.3" value="landscape">widget_largelayout_landscape</property>
        <property name="widgetstyle.3" tag="property" attribute="name|widgetstyle.3" value="landscapesmall">widget_largelayout_landscapesmall</property>
        <property name="widgetstyle.3" tag="property" attribute="name|widgetstyle.3" value="single box">widget_largelayout_singlebox</property>
        <property name="widgetstyle.3" tag="property" attribute="name|widgetstyle.3" value="wide box">widget_largelayout_widebox</property>
        <property name="widgetstyle.3" tag="property" attribute="name|widgetstyle.3" value="small poster">widget_largelayout_small_poster</property>
        <property name="widgetstyle.3" tag="property" attribute="name|widgetstyle.3" value="square">widget_largelayout_square</property>
        <property name="widgetstyle.3" tag="property" attribute="name|widgetstyle.3" value="minisquare">widget_largelayout_minisquare</property>
        <property name="widgetstyle.3" tag="property" attribute="name|widgetstyle.3" value="banner">widget_largelayout_banner</property>
        <property name="widgetstyle.3">widgetlayout_large</property>
        <property name="widgetLabelVisibility.3" tag="property" attribute="name|widgetTags.3" value="enable">WidgetTagOverlayEnable</property>
        <property name="widgetLabelVisibility.3" tag="property" attribute="name|widgetTags.3" value="disable">WidgetTagOverlayDisable</property>
        <property name="widgetLabelVisibility.3">WidgetTagOverlayAuto</property>
        
        <controls>
        
            <control type="label" id="600">
                <label>widget-0</label>
                <width>1</width>
                <heigth>1</heigth>
                <posx>-1</posx>
                <posy>-1</posy>
                <skinshortcuts>visibility</skinshortcuts>
                <visible>Skin.String(widgetvalue-$SKINSHORTCUTS[submenuVisibility],0) | !Skin.String(widgetvalue-$SKINSHORTCUTS[submenuVisibility])</visible>
            </control>
            <control type="label" id="600">
                <label>widget-1</label>
                <width>1</width>
                <heigth>1</heigth>
                <posx>-1</posx>
                <posy>-1</posy>
                <skinshortcuts>visibility</skinshortcuts>
                <visible>Skin.String(widgetvalue-$SKINSHORTCUTS[submenuVisibility],1)</visible>
            </control>
            <control type="label" id="600">
                <label>widget-2</label>
                <width>1</width>
                <heigth>1</heigth>
                <posx>-1</posx>
                <posy>-1</posy>
                <skinshortcuts>visibility</skinshortcuts>
                <visible>Skin.String(widgetvalue-$SKINSHORTCUTS[submenuVisibility],2)</visible>
            </control>
            <control type="label" id="600">
                <label>widget-3</label>
                <width>1</width>
                <heigth>1</heigth>
                <posx>-1</posx>
                <posy>-1</posy>
                <skinshortcuts>visibility</skinshortcuts>
                <visible>Skin.String(widgetvalue-$SKINSHORTCUTS[submenuVisibility],3)</visible>
            </control>
        
            <control type="grouplist" id="77777">
                <right>0</right>
                <width>100%</width>
                <top>10</top>
                <height>1070</height>
                <usecontrolcoords>true</usecontrolcoords>
                <onleft>300</onleft>               
                <pagecontrol>688$SKINSHORTCUTS[id]</pagecontrol>
                <include>animation_window_open_close</include>
                
                <animation effect="slide" start="0" end="25" time="0" condition="Skin.String(HomeLayout,verticalbig)">Conditional</animation>
                
                
                <!-- use fade effect to hide non active widget to prevent issues -->
                <animation time="50" effect="fade" start="100" end="0" reversible="true" easing="inout" condition="!StringCompare(Container(300).ListItem.Property(submenuVisibility),$SKINSHORTCUTS[submenuVisibility])">Conditional</animation>
                
                <!-- lower widget if 16:10 aspect -->
                <animation effect="slide" start="0" end="0,120" time="0" condition="StringCompare(Skin.AspectRatio,16:10)">Conditional</animation>
                
                <!-- lower widgets if enabled -->
                <animation effect="slide" start="0" end="0,630" time="0" condition="[StringCompare(Container(300).ListItem.Property(widgetstyle),poster) | [IsEmpty(Container(300).ListItem.Property(widgetstyle)) + Skin.String(widgetstyle,poster)]] + StringCompare(Container(300).ListItem.Property(lowerwidgets),enable) + StringCompare(Container(300).ListItem.Property(multiwidget),single)">Conditional</animation>
                <animation effect="slide" start="0" end="0,740" time="0" condition="[StringCompare(Container(300).ListItem.Property(widgetstyle),small poster) | [IsEmpty(Container(300).ListItem.Property(widgetstyle)) + Skin.String(widgetstyle,small poster)]] + StringCompare(Container(300).ListItem.Property(lowerwidgets),enable) + StringCompare(Container(300).ListItem.Property(multiwidget),single)">Conditional</animation>
                <animation effect="slide" start="0" end="0,740" time="0" condition="[StringCompare(Container(300).ListItem.Property(widgetstyle),square) | [IsEmpty(Container(300).ListItem.Property(widgetstyle)) + Skin.String(widgetstyle,square)]] + StringCompare(Container(300).ListItem.Property(lowerwidgets),enable) + StringCompare(Container(300).ListItem.Property(multiwidget),single)">Conditional</animation>
                <animation effect="slide" start="0" end="0,850" time="0" condition="[StringCompare(Container(300).ListItem.Property(widgetstyle),minisquare) | [IsEmpty(Container(300).ListItem.Property(widgetstyle)) + Skin.String(widgetstyle,minisquare)]] + StringCompare(Container(300).ListItem.Property(lowerwidgets),enable) + StringCompare(Container(300).ListItem.Property(multiwidget),single)">Conditional</animation>
                <animation effect="slide" start="0" end="0,770" time="0" condition="[StringCompare(Container(300).ListItem.Property(widgetstyle),landscape) | [IsEmpty(Container(300).ListItem.Property(widgetstyle)) + Skin.String(widgetstyle,landscape)]] + StringCompare(Container(300).ListItem.Property(lowerwidgets),enable) + StringCompare(Container(300).ListItem.Property(multiwidget),single)">Conditional</animation>
                <animation effect="slide" start="0" end="0,820" time="0" condition="[StringCompare(Container(300).ListItem.Property(widgetstyle),landscapesmall) | [IsEmpty(Container(300).ListItem.Property(widgetstyle)) + Skin.String(widgetstyle,landscapesmall)]] + StringCompare(Container(300).ListItem.Property(lowerwidgets),enable) + StringCompare(Container(300).ListItem.Property(multiwidget),single)">Conditional</animation>
                <animation effect="slide" start="0" end="0,820" time="0" condition="[StringCompare(Container(300).ListItem.Property(widgetstyle),banner) | [IsEmpty(Container(300).ListItem.Property(widgetstyle)) + Skin.String(widgetstyle,banner)]] + StringCompare(Container(300).ListItem.Property(lowerwidgets),enable) + StringCompare(Container(300).ListItem.Property(multiwidget),single)">Conditional</animation>
                <animation effect="slide" start="0" end="0,640" time="0" condition="[StringCompare(Container(300).ListItem.Property(widgetstyle),single box) | [IsEmpty(Container(300).ListItem.Property(widgetstyle)) + Skin.String(widgetstyle,single box)]] + StringCompare(Container(300).ListItem.Property(lowerwidgets),enable) + StringCompare(Container(300).ListItem.Property(multiwidget),single)">Conditional</animation>
                <animation effect="slide" start="0" end="0,730" time="0" condition="[StringCompare(Container(300).ListItem.Property(widgetstyle),wide box) | [IsEmpty(Container(300).ListItem.Property(widgetstyle)) + Skin.String(widgetstyle,wide box)]] + StringCompare(Container(300).ListItem.Property(lowerwidgets),enable) + StringCompare(Container(300).ListItem.Property(multiwidget),single)">Conditional</animation>
                <animation effect="slide" start="0" end="0,-100" time="0" condition="StringCompare(Container(300).ListItem.Property(squaresubmenu),enable) + StringCompare(Container(300).ListItem.Property(lowerwidgets),enable) + StringCompare(Container(300).ListItem.Property(multiwidget),single)">Conditional</animation>
                
                <animation effect="slide" start="0" end="0,-100" time="0" condition="StringCompare(Container(300).ListItem.Property(squaresubmenu),enable) + StringCompare(Container(300).ListItem.Property(lowerwidgets),enable) + StringCompare(Container(300).ListItem.Property(multiwidget),multi) + !IsEmpty(Container(300).ListItem.Property(widget.1)) + IsEmpty(Container(300).ListItem.Property(widget.2))">Conditional</animation>
                
                <animation effect="slide" start="0" end="0,125" time="0" condition="[StringCompare(Container(300).ListItem.Property(widgetstyle),poster) | [IsEmpty(Container(300).ListItem.Property(widgetstyle)) + Skin.String(widgetstyle,poster)]] + StringCompare(Container(300).ListItem.Property(lowerwidgets),enable) + StringCompare(Container(300).ListItem.Property(multiwidget),multi) + !IsEmpty(Container(300).ListItem.Property(widget.1)) + IsEmpty(Container(300).ListItem.Property(widget.2))">Conditional</animation>
                <animation effect="slide" start="0" end="0,214" time="0" condition="[StringCompare(Container(300).ListItem.Property(widgetstyle),small poster) | [IsEmpty(Container(300).ListItem.Property(widgetstyle)) + Skin.String(widgetstyle,small poster)]] + StringCompare(Container(300).ListItem.Property(lowerwidgets),enable) + StringCompare(Container(300).ListItem.Property(multiwidget),multi) + !IsEmpty(Container(300).ListItem.Property(widget.1)) + IsEmpty(Container(300).ListItem.Property(widget.2))">Conditional</animation>
                <animation effect="slide" start="0" end="0,218" time="0" condition="[StringCompare(Container(300).ListItem.Property(widgetstyle),square) | [IsEmpty(Container(300).ListItem.Property(widgetstyle)) + Skin.String(widgetstyle,square)]] + StringCompare(Container(300).ListItem.Property(lowerwidgets),enable) + StringCompare(Container(300).ListItem.Property(multiwidget),multi) + !IsEmpty(Container(300).ListItem.Property(widget.1)) + IsEmpty(Container(300).ListItem.Property(widget.2))">Conditional</animation>
                <animation effect="slide" start="0" end="0,325" time="0" condition="[StringCompare(Container(300).ListItem.Property(widgetstyle),minisquare) | [IsEmpty(Container(300).ListItem.Property(widgetstyle)) + Skin.String(widgetstyle,minisquare)]] + StringCompare(Container(300).ListItem.Property(lowerwidgets),enable) + StringCompare(Container(300).ListItem.Property(multiwidget),multi) + !IsEmpty(Container(300).ListItem.Property(widget.1)) + IsEmpty(Container(300).ListItem.Property(widget.2))">Conditional</animation>
                <animation effect="slide" start="0" end="0,255" time="0" condition="[StringCompare(Container(300).ListItem.Property(widgetstyle),landscape) | [IsEmpty(Container(300).ListItem.Property(widgetstyle)) + Skin.String(widgetstyle,landscape)]] + StringCompare(Container(300).ListItem.Property(lowerwidgets),enable) + StringCompare(Container(300).ListItem.Property(multiwidget),multi) + !IsEmpty(Container(300).ListItem.Property(widget.1)) + IsEmpty(Container(300).ListItem.Property(widget.2))">Conditional</animation>
                <animation effect="slide" start="0" end="0,288" time="0" condition="[StringCompare(Container(300).ListItem.Property(widgetstyle),landscapesmall) | [IsEmpty(Container(300).ListItem.Property(widgetstyle)) + Skin.String(widgetstyle,landscapesmall)]] + StringCompare(Container(300).ListItem.Property(lowerwidgets),enable) + StringCompare(Container(300).ListItem.Property(multiwidget),multi) + !IsEmpty(Container(300).ListItem.Property(widget.1)) + IsEmpty(Container(300).ListItem.Property(widget.2))">Conditional</animation>
                <animation effect="slide" start="0" end="0,293" time="0" condition="[StringCompare(Container(300).ListItem.Property(widgetstyle),banner) | [IsEmpty(Container(300).ListItem.Property(widgetstyle)) + Skin.String(widgetstyle,banner)]] + StringCompare(Container(300).ListItem.Property(lowerwidgets),enable) + StringCompare(Container(300).ListItem.Property(multiwidget),multi) + !IsEmpty(Container(300).ListItem.Property(widget.1)) + IsEmpty(Container(300).ListItem.Property(widget.2))">Conditional</animation>
                <animation effect="slide" start="0" end="0,120" time="0" condition="[StringCompare(Container(300).ListItem.Property(widgetstyle),single box) | [IsEmpty(Container(300).ListItem.Property(widgetstyle)) + Skin.String(widgetstyle,single box)]] + StringCompare(Container(300).ListItem.Property(lowerwidgets),enable) + StringCompare(Container(300).ListItem.Property(multiwidget),multi) + !IsEmpty(Container(300).ListItem.Property(widget.1)) + IsEmpty(Container(300).ListItem.Property(widget.2))">Conditional</animation>
                <animation effect="slide" start="0" end="0,203" time="0" condition="[StringCompare(Container(300).ListItem.Property(widgetstyle),wide box) | [IsEmpty(Container(300).ListItem.Property(widgetstyle)) + Skin.String(widgetstyle,wide box)]] + StringCompare(Container(300).ListItem.Property(lowerwidgets),enable) + StringCompare(Container(300).ListItem.Property(multiwidget),multi) + !IsEmpty(Container(300).ListItem.Property(widget.1)) + IsEmpty(Container(300).ListItem.Property(widget.2))">Conditional</animation>
                
                <animation effect="slide" start="0" end="0,125" time="0" condition="[StringCompare(Container(300).ListItem.Property(widgetstyle),poster) | [IsEmpty(Container(300).ListItem.Property(widgetstyle)) + Skin.String(widgetstyle,poster)]] + StringCompare(Container(300).ListItem.Property(lowerwidgets),enable) + StringCompare(Container(300).ListItem.Property(multiwidget),multi) + !IsEmpty(Container(300).ListItem.Property(widget.1)) + IsEmpty(Container(300).ListItem.Property(widget.2))">Conditional</animation>
                <animation effect="slide" start="0" end="0,214" time="0" condition="[StringCompare(Container(300).ListItem.Property(widgetstyle.1),small poster) | [IsEmpty(Container(300).ListItem.Property(widgetstyle.1)) + Skin.String(widgetstyle,small poster)]] + StringCompare(Container(300).ListItem.Property(lowerwidgets),enable) + StringCompare(Container(300).ListItem.Property(multiwidget),multi) + !IsEmpty(Container(300).ListItem.Property(widget.1)) + IsEmpty(Container(300).ListItem.Property(widget.2))">Conditional</animation>
                <animation effect="slide" start="0" end="0,218" time="0" condition="[StringCompare(Container(300).ListItem.Property(widgetstyle.1),square) | [IsEmpty(Container(300).ListItem.Property(widgetstyle.1)) + Skin.String(widgetstyle,square)]] + StringCompare(Container(300).ListItem.Property(lowerwidgets),enable) + StringCompare(Container(300).ListItem.Property(multiwidget),multi) + !IsEmpty(Container(300).ListItem.Property(widget.1)) + IsEmpty(Container(300).ListItem.Property(widget.2))">Conditional</animation>
                <animation effect="slide" start="0" end="0,325" time="0" condition="[StringCompare(Container(300).ListItem.Property(widgetstyle.1),minisquare) | [IsEmpty(Container(300).ListItem.Property(widgetstyle.1)) + Skin.String(widgetstyle,minisquare)]] + StringCompare(Container(300).ListItem.Property(lowerwidgets),enable) + StringCompare(Container(300).ListItem.Property(multiwidget),multi) + !IsEmpty(Container(300).ListItem.Property(widget.1)) + IsEmpty(Container(300).ListItem.Property(widget.2))">Conditional</animation>
                <animation effect="slide" start="0" end="0,255" time="0" condition="[StringCompare(Container(300).ListItem.Property(widgetstyle.1),landscape) | [IsEmpty(Container(300).ListItem.Property(widgetstyle.1)) + Skin.String(widgetstyle,landscape)]] + StringCompare(Container(300).ListItem.Property(lowerwidgets),enable) + StringCompare(Container(300).ListItem.Property(multiwidget),multi) + !IsEmpty(Container(300).ListItem.Property(widget.1)) + IsEmpty(Container(300).ListItem.Property(widget.2))">Conditional</animation>
                <animation effect="slide" start="0" end="0,288" time="0" condition="[StringCompare(Container(300).ListItem.Property(widgetstyle.1),landscapesmall) | [IsEmpty(Container(300).ListItem.Property(widgetstyle.1)) + Skin.String(widgetstyle,landscapesmall)]] + StringCompare(Container(300).ListItem.Property(lowerwidgets),enable) + StringCompare(Container(300).ListItem.Property(multiwidget),multi) + !IsEmpty(Container(300).ListItem.Property(widget.1)) + IsEmpty(Container(300).ListItem.Property(widget.2))">Conditional</animation>
                <animation effect="slide" start="0" end="0,293" time="0" condition="[StringCompare(Container(300).ListItem.Property(widgetstyle.1),banner) | [IsEmpty(Container(300).ListItem.Property(widgetstyle.1)) + Skin.String(widgetstyle,banner)]] + StringCompare(Container(300).ListItem.Property(lowerwidgets),enable) + StringCompare(Container(300).ListItem.Property(multiwidget),multi) + !IsEmpty(Container(300).ListItem.Property(widget.1)) + IsEmpty(Container(300).ListItem.Property(widget.2))">Conditional</animation>
                <animation effect="slide" start="0" end="0,120" time="0" condition="[StringCompare(Container(300).ListItem.Property(widgetstyle.1),single box) | [IsEmpty(Container(300).ListItem.Property(widgetstyle.1)) + Skin.String(widgetstyle,single box)]] + StringCompare(Container(300).ListItem.Property(lowerwidgets),enable) + StringCompare(Container(300).ListItem.Property(multiwidget),multi) + !IsEmpty(Container(300).ListItem.Property(widget.1)) + IsEmpty(Container(300).ListItem.Property(widget.2))">Conditional</animation>
                <animation effect="slide" start="0" end="0,203" time="0" condition="[StringCompare(Container(300).ListItem.Property(widgetstyle.1),wide box) | [IsEmpty(Container(300).ListItem.Property(widgetstyle.1)) + Skin.String(widgetstyle,wide box)]] + StringCompare(Container(300).ListItem.Property(lowerwidgets),enable) + StringCompare(Container(300).ListItem.Property(multiwidget),multi) + !IsEmpty(Container(300).ListItem.Property(widget.1)) + IsEmpty(Container(300).ListItem.Property(widget.2))">Conditional</animation>

                <!-- square submenu -->
                <control type="panel" id="4446">
                    <include>VerticalHomeSquareSubMenuLayout</include>
                    <visible>$PYTHON['true' if squaresubmenu in 'enable' else 'false']</visible>
                    <skinshortcuts>visibility</skinshortcuts>
                </control>
                
                <!-- single widget header TOP -->
                <control type="radiobutton" id="505">
                    <include condition="!Skin.HasSetting(AutoWidgetAlignDisabled)">VerticalHomeSimpleWidgetHeaderLayout</include>
                    <include condition="Skin.HasSetting(AutoWidgetAlignDisabled)">VerticalHomeSimpleWidgetHeaderLayoutAlt</include>
                    <visible>$PYTHON['true' if singleheader in 'top' else 'false']</visible>
                    <skinshortcuts>visibility</skinshortcuts>
                    <selected>Control.HasFocus(505)</selected>
                </control>
                
                <!--  widget 1 -->
                <include name="VerticalHomeAdvancedWidgetHeader" content="VerticalHomeAdvancedWidgetHeader" condition="$PYTHON['true' if multiwidget in 'multi' else 'false']">
                    <param name="id" value="509" />
                    <param name="containerid" value="510" />
                    <param name="widgetidprefix" value="" />
                    <param name="mainmenuid" value="$SKINSHORTCUTS[submenuVisibility]" />
                </include>
                <control type="panel" id="510">
                    <skinshortcuts>visibility</skinshortcuts>
                    <ondown>510</ondown>
                    <include>widgets_animation</include>
                    <visible>!IsEmpty(Container(300).Listitem.Property(widget))</visible>
                    <visible>SubString(Container(300).Listitem.Property(multiwidget),multi) | [!SubString(Container(300).Listitem.Property(multiwidget),multi) + [Skin.String(widgetvalue-$SKINSHORTCUTS[submenuVisibility],0) | !Skin.String(widgetvalue-$SKINSHORTCUTS[submenuVisibility])]]</visible>
                    <include name="$SKINSHORTCUTS[widgetstyle]" content="$SKINSHORTCUTS[widgetstyle]">
                        <param name="widgetid" value="510" />
                        <param name="multiprefix" value="$SKINSHORTCUTS[multiprefix]" />
                        <param name="widgetLabelVisibility" value="$SKINSHORTCUTS[widgetLabelVisibility]" />
                    </include>
                    <content target="$SKINSHORTCUTS[target]">$SKINSHORTCUTS[content]</content>
                </control>
                
                <!--  widget 2 -->
                <include name="VerticalHomeAdvancedWidgetHeader" content="VerticalHomeAdvancedWidgetHeader" condition="$PYTHON['true' if multiwidget in 'multi' else 'false']">
                    <param name="id" value="519" />
                    <param name="containerid" value="520" />
                    <param name="widgetidprefix" value=".1" />
                    <param name="mainmenuid" value="$SKINSHORTCUTS[submenuVisibility]" />
                </include>
                <control type="panel" id="520">
                    <skinshortcuts>visibility</skinshortcuts>
                    <include>widgets_animation</include>
                    <visible>!IsEmpty(Container(300).Listitem.Property(widget.1))</visible>
                    <visible>SubString(Container(300).Listitem.Property(multiwidget),multi) | [!SubString(Container(300).Listitem.Property(multiwidget),multi) + Skin.String(widgetvalue-$SKINSHORTCUTS[submenuVisibility],1)]</visible>
                    <include name="$SKINSHORTCUTS[widgetstyle.1]" content="$SKINSHORTCUTS[widgetstyle.1]">
                        <param name="widgetid" value="520" />
                        <param name="multiprefix" value="$SKINSHORTCUTS[multiprefix]" />
                        <param name="widgetLabelVisibility" value="$SKINSHORTCUTS[widgetLabelVisibility.1]" />
                    </include>
                    <content target="$SKINSHORTCUTS[target.1]">$SKINSHORTCUTS[content.1]</content>
                </control>
                
                <!--  widget 3 -->
                <include name="VerticalHomeAdvancedWidgetHeader" content="VerticalHomeAdvancedWidgetHeader" condition="$PYTHON['true' if multiwidget in 'multi' else 'false']">
                    <param name="id" value="529" />
                    <param name="containerid" value="530" />
                    <param name="widgetidprefix" value=".2" />
                    <param name="mainmenuid" value="$SKINSHORTCUTS[submenuVisibility]" />
                </include>
                <control type="panel" id="530">
                    <skinshortcuts>visibility</skinshortcuts>
                    <include>widgets_animation</include>
                    <visible>!IsEmpty(Container(300).Listitem.Property(widget.2))</visible>
                    <visible>SubString(Container(300).Listitem.Property(multiwidget),multi) | [!SubString(Container(300).Listitem.Property(multiwidget),multi) + Skin.String(widgetvalue-$SKINSHORTCUTS[submenuVisibility],2)]</visible>
                    <include name="$SKINSHORTCUTS[widgetstyle.2]" content="$SKINSHORTCUTS[widgetstyle.2]">
                        <param name="widgetid" value="530" />
                        <param name="multiprefix" value="$SKINSHORTCUTS[multiprefix]" />
                        <param name="widgetLabelVisibility" value="$SKINSHORTCUTS[widgetLabelVisibility.2]" />
                    </include>
                    <content target="$SKINSHORTCUTS[target.2]">$SKINSHORTCUTS[content.2]</content>
                </control>
                
                <!--  widget 4 -->
                <include name="VerticalHomeAdvancedWidgetHeader" content="VerticalHomeAdvancedWidgetHeader" condition="$PYTHON['true' if multiwidget in 'multi' else 'false']">
                    <param name="id" value="539" />
                    <param name="containerid" value="540" />
                    <param name="widgetidprefix" value=".3" />
                    <param name="mainmenuid" value="$SKINSHORTCUTS[submenuVisibility]" />
                </include>
                <control type="panel" id="540">
                    <skinshortcuts>visibility</skinshortcuts>
                    <include>widgets_animation</include>
                    <visible>!IsEmpty(Container(300).Listitem.Property(widget.3))</visible>
                    <visible>SubString(Container(300).Listitem.Property(multiwidget),multi) | [!SubString(Container(300).Listitem.Property(multiwidget),multi) + Skin.String(widgetvalue-$SKINSHORTCUTS[submenuVisibility],3)]</visible>
                    <include name="$SKINSHORTCUTS[widgetstyle.3]" content="$SKINSHORTCUTS[widgetstyle.3]">
                        <param name="widgetid" value="540" />
                        <param name="multiprefix" value="$SKINSHORTCUTS[multiprefix]" />
                        <param name="widgetLabelVisibility" value="$SKINSHORTCUTS[widgetLabelVisibility.3]" />
                    </include>
                    <content target="$SKINSHORTCUTS[target.3]">$SKINSHORTCUTS[content.3]</content>
                </control>
                
                <!-- single widget header BOTTOM -->
                <control type="radiobutton" id="511">
                    <include condition="!Skin.HasSetting(AutoWidgetAlignDisabled)">VerticalHomeSimpleWidgetHeaderLayout</include>
                    <include condition="Skin.HasSetting(AutoWidgetAlignDisabled)">VerticalHomeSimpleWidgetHeaderLayoutAlt</include>
                    <visible>$PYTHON['true' if singleheader in 'bottom' else 'false']</visible>
                    <skinshortcuts>visibility</skinshortcuts>
                    <selected>Control.HasFocus(511)</selected>
                </control>
                
            </control>
            <!--vertical Scollbar-->
			<control type="scrollbar" id="688$SKINSHORTCUTS[id]">
				<skinshortcuts>visibility</skinshortcuts>
				<right>5</right>
				<bottom>0</bottom>
				<height>85%</height>
				<onup>60</onup>
				<ondown>60</ondown>
				<onleft>54</onleft>
				<animation effect="fade" start="0" end="100" time="400" condition="Control.HasFocus(60) | Skin.HasSetting(EnableTouchSupport) | Container.Scrolling | Skin.HasSetting(alwaysShowScrollbars)">Conditional</animation>
				<animation effect="fade" start="100" end="0" time="400" condition="![Control.HasFocus(60) | Skin.HasSetting(EnableTouchSupport) | Container.Scrolling | Skin.HasSetting(alwaysShowScrollbars)]">Conditional</animation>
			</control>
        </controls>
	</other>

</template>
