<?xml version="1.0" encoding="UTF-8"?>
<window id="1114" type="dialog">
	<defaultcontrol always="true">90200</defaultcontrol>
	<coordinates>
		<system>1</system>
		<left>199</left>
		<top>210</top>
	</coordinates>
	<zorder>3</zorder>
	<include>DialogOpenCloseAnimation</include>
	<controls>
		<control type="image">
			<description>background image</description>
			<width>1522</width>
			<height>660</height>
			<texture border="40">dialogs/default/bg.png</texture>
		</control>
		<control type="label" id="2">
			<description>header label</description>
			<left>30</left>
			<top>32</top>
			<width>1462</width>
			<height>40</height>
			<font>font15_title</font>
			<label>$LOCALIZE[12003]</label>
			<align>center</align>
			<textcolor>dialogheader</textcolor>
		</control>
		<control type="grouplist" id="90200">
			<description>control area</description>
			<left>33</left>
			<top>88</top>
			<width>1452</width>
			<height>540</height>
			<pagecontrol>6</pagecontrol>
			<onup>90200</onup>
			<ondown>90200</ondown>
			<onleft>6</onleft>
			<onright>6</onright>
			<control type="button" id="90208">
				<width>1452</width>
				<label>$LOCALIZE[31931]</label>
				<label2>[COLOR $VAR[ThemeLabelColor]]$VAR[VideoPlotLocalizeVar][/COLOR]</label2>
				<onclick>Skin.ToggleSetting(VideoInfoPlotToggle)</onclick>
				<texturenofocus border="1">separator5.png</texturenofocus>
			</control>
			<control type="button" id="90201">
				<width>1452</width>
				<label>$LOCALIZE[31990]</label>
				<label2>[COLOR $VAR[ThemeLabelColor]]$VAR[CinemaVisionButtonLabelVar][/COLOR]</label2>
				<onclick>$VAR[CinemaVisionButtonOnClickVar]</onclick>
				<texturenofocus border="1">separator5.png</texturenofocus>
				<visible>System.HasAddon(script.cinemavision) + !Skin.HasSetting(Enable.ReplaceExtendedInfo)</visible>
			</control>
			<control type="button" id="90202">
				<width>1452</width>
				<label>  - $LOCALIZE[31613]</label>
				<label2>[COLOR $VAR[ThemeLabelColor]]$VAR[TrailerButtonLabelVar][/COLOR]</label2>
				<onclick>$VAR[TrailerButtonOnClickVar]</onclick>
				<texturenofocus border="1">separator5.png</texturenofocus>
				<visible>System.HasAddon(script.cinemavision) + String.IsEmpty(Skin.String(CinemaVision.Button)) + !Skin.HasSetting(Enable.ReplaceExtendedInfo)</visible>
			</control>
			<control type="radiobutton" id="90209">
				<width>1452</width>
				<onclick>Skin.ToggleSetting(Disable.ExtendedInfoIntergration)</onclick>
				<selected>Skin.HasSetting(Disable.ExtendedInfoIntergration)</selected>
				<label>$LOCALIZE[31127]</label>
				<texturenofocus border="1">separator5.png</texturenofocus>
				<visible>System.HasAddon(script.extendedinfo) + !Skin.HasSetting(Enable.ReplaceExtendedInfo)</visible>
			</control>
			<control type="radiobutton" id="90203">
				<width>1452</width>
				<onclick condition="!Skin.HasSetting(Enable.ReplaceExtendedInfo)">Dialog.Close(1119)</onclick>
				<onclick condition="!Skin.HasSetting(Enable.ReplaceExtendedInfo)">Dialog.Close(movieinformation)</onclick>
				<onclick>Skin.ToggleSetting(Enable.ReplaceExtendedInfo)</onclick>
				<selected>Skin.HasSetting(Enable.ReplaceExtendedInfo)</selected>
				<label>$LOCALIZE[31196]</label>
				<texturenofocus border="1">separator5.png</texturenofocus>
				<visible>System.HasAddon(script.extendedinfo)</visible>
			</control>
			<control type="button" id="90210">
				<width>1452</width>
				<label>Background dimmer</label>
				<label2>[COLOR $VAR[ThemeLabelColor]]$VAR[VideoInfoDimmerLabelVar][/COLOR]</label2>
				<onclick>$VAR[VideoInfoDimmerOnClickVar]</onclick>
				<texturenofocus border="1">separator5.png</texturenofocus>
				<visible>!Skin.HasSetting(Enable.ReplaceExtendedInfo) + !Skin.HasSetting(Enable.BlurredVideoInfo)</visible>
			</control>
			<control type="radiobutton" id="90204">
				<width>1452</width>
				<onclick condition="!Skin.HasSetting(Enable.BlurredVideoInfo)">Dialog.Close(1119)</onclick>
				<onclick condition="!Skin.HasSetting(Enable.BlurredVideoInfo)">Dialog.Close(movieinformation)</onclick>
				<onclick>Skin.ToggleSetting(Enable.BlurredVideoInfo)</onclick>
				<selected>Skin.HasSetting(Enable.BlurredVideoInfo)</selected>
				<label>$LOCALIZE[31173]</label>
				<texturenofocus border="1">separator5.png</texturenofocus>
				<visible>System.HasAddon(script.colorbox) + !Skin.HasSetting(Enable.ReplaceExtendedInfo)</visible>
			</control>
			<control type="radiobutton" id="90205">
				<width>1452</width>
				<onclick>Skin.ToggleSetting(Enable.BlurredVideoInfoExtended)</onclick>
				<selected>Skin.HasSetting(Enable.BlurredVideoInfoExtended)</selected>
				<label>$LOCALIZE[31258]</label>
				<texturenofocus border="1">separator5.png</texturenofocus>
				<visible>System.HasAddon(script.toolbox)</visible>
			</control>
			<control type="radiobutton" id="90206">
				<width>1452</width>
				<onclick>Skin.ToggleSetting(discartoninfo)</onclick>
				<selected>Skin.HasSetting(discartoninfo)</selected>
				<label>$LOCALIZE[31601]</label>
				<texturenofocus border="1">separator5.png</texturenofocus>
			</control>
			<control type="radiobutton" id="90207">
				<width>1452</width>
				<onclick>Skin.ToggleSetting(Enable.MPAAInfoRating)</onclick>
				<selected>Skin.HasSetting(Enable.MPAAInfoRating)</selected>
				<label>$LOCALIZE[31197]</label>
				<texturenofocus border="1">separator5.png</texturenofocus>
				<visible>!Skin.HasSetting(Enable.ReplaceExtendedInfo)</visible>
			</control>
		</control>
		<control type="scrollbar" id="6">
			<left>1480</left>
			<top>88</top>
			<width>8</width>
			<height>540</height>
			<texturesliderbackground />
			<texturesliderbar colordiffuse="55ffffff" border="1">scrollbar/texturesliderbar2.png</texturesliderbar>
			<texturesliderbarfocus border="1">scrollbar/texturesliderbar2.png</texturesliderbarfocus>
			<onleft>90200</onleft>
			<onright>90200</onright>
			<showonepage>false</showonepage>
			<orientation>vertical</orientation>
		</control>
	</controls>
</window>