<?xml version="1.0" encoding="UTF-8" standalone="yes"?>
<addon id="plugin.video.vistatvshowbox" version="100.1.03" name="Requisition" provider-name="VistaTV">
	<requires>
		<import addon="xbmc.python" version="2.26.0" />
		<import addon="script.module.vistatvshowbox" />
		<import addon="script.vistatvshowbox.artwork" version="1.0.0" />
		<import addon="script.vistatvshowbox.metadata" version="1.0.0" />
		<import addon="script.module.resolveurl" />
		<import addon="script.module.urlresolver" />
		<import addon="script.module.metahandler" version="1.0.0" />
		<import addon="script.module.beautifulsoup4" />
		<import addon="script.module.beautifulsoup" />
		<import addon="script.module.openscrapers" />
		<import addon="plugin.video.realdebrid" />
		<import addon="plugin.video.premiumize" />
		<import addon="plugin.video.link__tester2" />
	</requires>
	<extension point="xbmc.python.pluginsource" library="vistatv.py">
		<provides>video</provides>
	</extension>
	<summary>VistaTV Requisition Addon</summary>
	<description>Based of showboxarize.</description>
	<extension point="xbmc.addon.metadata">
	<platform>all</platform>
	</extension>
</addon>
