<?xml version="1.0" encoding="UTF-8"?>
<!--suppress ALL -->
<addon id="plugin.video.link__tester2" version="0.0.2" name="VistaTV ResolveURL Player" provider-name="Vista">
    <requires>
        <import addon="xbmc.python" version="2.1.0"/>
        <import addon="script.module.resolveurl" version="2.2.0"/>
        <import addon="script.module.echo"/>
    </requires>
    <extension point="xbmc.python.pluginsource" library="default.py">
        <provides>video</provides>
    </extension>
    <extension point="xbmc.addon.metadata">
        <summary>Resolve URL Link Tester Addon - Forked from TK Norris</summary>
        <description></description>
        <platform>all</platform>
	</extension>
</addon>
