<?xml version="1.0" encoding="UTF-8" standalone="yes"?>
<addon id="script.vistatvtools"
  name="EPTV Tools"
  version="19.1" 
  provider-name="biglad">
  <requires>
    <import addon="xbmc.python" version="2.1.0"/>
	<import addon="script.vista.advset" />
	<!--<import addon="repository.elementum" />-->
	<import addon="script.kodi.loguploader" />
	<!--<import addon="script.cachesystem" />-->
	<!--<import addon="script.module.now_music2"  />-->

  </requires>
  <extension point="xbmc.python.script" library="addon.py">
    <provides>executable</provides>
  </extension>
  <extension point="xbmc.addon.metadata">
    <platform>all</platform>
    <summary lang="en">VistaTV Menu System</summary>
    <description lang="en">VistaTV Menu System</description>
	<disclaimer>VistaTV Menu System</disclaimer>
  </extension>
</addon>
