<?xml version="1.0" encoding="UTF-8" standalone="yes"?>
<addon id="script.program.v-wizard"
  name="[COLOR gold]Eye Pea TV Install Wizard[/COLOR]"
  version="3.1" 
  provider-name="biglad">
  <requires>
    <import addon="xbmc.python" version="2.1.0"/>
  </requires>
  <extension point="xbmc.python.script" library="addon.py">
    <provides>executable</provides>
  </extension>
  <extension point="xbmc.service" library="service.py" start="startup" />
  <extension point="xbmc.addon.metadata">
    <platform>all</platform>
    <summary lang="en"></summary>
    <description lang="en"></description>
	<disclaimer></disclaimer>
  </extension>
</addon>
