<?xml version="1.0" encoding="UTF-8" standalone="yes"?>
<addon id="script.eptv.core"
  name="EPTV Core"
  version="19.04" 
  provider-name="Biglad">
  <requires>
    <import addon="xbmc.python" version="2.1.0"/>
  </requires>
  <extension point="xbmc.python.script" library="addon.py">
    <provides>executable</provides>
  </extension>
  <extension point="xbmc.service" library="startup.py" start="startup"/>
  <extension point="xbmc.addon.metadata">
  <language></language>
    <platform>all</platform>
    <summary lang="en">EPTV Core</summary>
    <description lang="en">EPTV Core</description>
	<disclaimer>EPTV Core</disclaimer>
  </extension>
</addon>
