<?xml version="1.0" encoding="UTF-8" standalone="yes"?>
<addon id="plugin.video.eyepeatv" version="7.0.21" name="[COLOR gold]EyePeaTV[/COLOR]" provider-name="EyePeaTV">
    <requires>
        <import addon="xbmc.python" version="2.1.0"/>
		<import addon="script.module.addon.common" />
		<import addon="inputstream.rtmp" />
		<import addon="inputstream.adaptive" optional="true"/>
		<import addon="pvr.iptvsimple" />
		<import addon="plugin.video.iptv.recorder" optional="true"/>
		<import addon="plugin.video.SportsDevil" />
		<import addon="plugin.video.live.streamspro" />
    </requires>
    <extension point="xbmc.python.pluginsource" library="default.py">
        <provides>video</provides>
    </extension>
    <extension point="xbmc.service" library="service.py" start="startup">
    </extension>
    <extension point="xbmc.addon.metadata">
        <summary>EyePeaTV</summary>
        <description>EyePeaTV - Live TV / PPV / Sports / Kids / Movies / Entertainment at an affordable price for all.</description>
        <disclaimer></disclaimer>
        <language>en</language>
        <platform>all</platform>
    </extension>
</addon>